cluster_num,address,city,state,excel_row,facility_name,corp,type,beds,census,served,integ,pcp,mh,barrier,source,campus_id,has_served
1,3800 Eli Pl,Newburgh,IN,4833,HAMILTON POINTE HEALTH AND REHAB - MC,RIVERVIEW HOSPITAL,ALF,7,6.0,Yes,No,Yes,No,,GLR,,Yes
1,3800 Eli Pl,Newburgh,IN,4832,HAMILTON POINTE HEALTH AND REHAB - AL,RIVERVIEW HOSPITAL,ALF,25,20.0,Yes,No,Yes,No,,GLR,,Yes
1,3800 Eli Pl,Newburgh,IN,4834,HAMILTON POINTE HEALTH AND REHAB - SNF,RIVERVIEW HOSPITAL,SNF,70,56.0,Yes,No,Yes,No,,GLR,,Yes
2,6723 S Anthony Blvd,Fort Wayne,IN,4895,LLV - SOUTH ANTHONY - HOMES/CLINIC,LUTHERAN LIFE VILLAGES,ALF,30,24.0,Yes,No,No,Yes,,GLR,,Yes
2,6723 S Anthony Blvd,Fort Wayne,IN,4896,LLV - SOUTH ANTHONY ALF,LUTHERAN LIFE VILLAGES,ALF,31,25.0,Yes,Yes,No,No,,GLR,,Yes
2,6723 S Anthony Blvd,Fort Wayne,IN,4897,LLV - SOUTH ANTHONY SNF,LUTHERAN LIFE VILLAGES,SNF,99,79.0,Yes,No,No,Yes,,GLR,,Yes
3,"100 Carmel Manor Rd,",Fort Thomas,KY,5713,CARMEL MANOR FORT THOMAS AL,CARMELITE SYSTEM,ALF,11,9.0,Yes,Yes,No,No,,GLR,,Yes
3,"100 Carmel Manor Rd,",Fort Thomas,KY,5714,CARMEL MANOR FORT THOMAS SNF,CARMELITE SYSTEM,ALF,87,70.0,Yes,No,No,Yes,,GLR,,Yes
4,108 S Miller St,Cynthiana,KY,6055,SHADY LAWN - CYNTHIANA,"SHADY LAWN, LLC",ALF,56,45.0,Yes,Yes,No,No,,GLR,,Yes
4,108 S Miller St,Cynthiana,KY,19276,SHADY LAWN,"SHADY LAWN, LLC",ALF,75,60.0,No,No,No,No,,GLR,,Yes
5,122 Leonardwood Dr,Frankfort,KY,5757,DOMINION SENIOR LIVING OF FRANKFORT,DOMINION SENIOR LIVING,ALF,21,17.0,Yes,No,No,Yes,,GLR,,Yes
5,122 Leonardwood Dr,Frankfort,KY,5753,DOMINION SENIOR LIVING FRANKFORT,DOMINION SENIOR LIVING,ALF,60,48.0,No,No,No,No,,GLR,,Yes
6,3362 Buckland Sq,Owensboro,KY,5928,MORNING POINTE OWENSBORO,MORNING POINTE SENIOR LIVING,ALF,14,11.0,Yes,Yes,No,No,,GLR,,Yes
6,3362 Buckland Sq,Owensboro,KY,5934,MORNING POINTE OF OWENSBORO,GENESIS,ALF,66,53.0,No,No,No,No,,NIC-A,,Yes
7,618 Lovers Ln,Bowling Green,KY,5633,ARCADIA SENIOR LIVING,INDEPENDENT,ALF,26,21.0,Yes,No,No,Yes,,GLR,,Yes
7,618 Lovers Ln,Bowling Green,KY,17116,ARCADIA SENIOR LIVING,,ALF,110,88.0,No,No,No,No,,GLR,,Yes
7,618 Lovers Ln,Bowling Green,KY,5634,ARCADIA SENIOR LIVING BOWLING GREEN,,ALF,87,70.0,No,No,No,No,,GLR,,Yes
8,701 Skyline Dr,Edmonton,KY,5924,METCALFE HEALTH CARE CENTER AL,,ALF,2,2.0,Yes,No,No,Yes,,GLR,,Yes
8,701 Skyline Dr,Edmonton,KY,5925,METCALFE HEALTH CARE CENTER SNF,INDEPENDENT,ALF,64,51.0,Yes,No,No,Yes,,GLR,,Yes
9,981 Campbell Ln,Bowling Green,KY,6098,THE BUNGALOS AT BOWLING GREEN,PHOENIX SENIOR LIVING,ALF,19,15.0,Yes,No,No,Yes,,GLR,,Yes
9,981 Campbell Ln,Bowling Green,KY,6100,THE BUNGALOWS AT BOWLING GREEN,PHOENIX SENIOR LIVING,ALF,42,34.0,No,No,No,No,,GLR,,Yes
10,100 Hickory St,Greenville,NC,8901,CYPRESS GLEN RETIREMENT COMMUNITY,INDEPENDENT,ALF,16,13.0,Yes,No,No,Yes,,GLR,,Yes
10,100 Hickory St,Greenville,NC,8902,CYPRESS GLEN RETIREMENT COMMUNITY MEMORY CARE COTTAGE,,ALF,12,10.0,No,No,No,No,,GLR,,Yes
11,100 Sunset Dr,Youngsville,NC,8973,FRANKLIN MANOR,SABER HEALTHCARE GROUP,ALF,42,34.0,Yes,No,Yes,No,,GLR,,Yes
11,100 Sunset Dr,Youngsville,NC,8974,FRANKLIN MANOR ASSISTED LIVING CENTER,SABER HEALTHCARE GROUP,ALF,54,43.0,No,No,No,No,,GLR,,Yes
12,1000 Johns Rd,Laurinburg,NC,9351,PRESTWICK VILLAGE ASSISTED LIVING,ALG Senior,ALF,28,22.0,Yes,Yes,No,No,,GLR,,Yes
12,1000 Johns Rd,Laurinburg,NC,9350,PRESTWICK VILLAGE,ALG Senior,ALF,100,80.0,No,No,No,No,,GLR,,Yes
13,101 Annie Parker Cir,Smithfield,NC,8638,AMERICARE ADULT HOME,INDEPENDENT,ALF,31,25.0,Yes,No,Yes,No,,GLR,,Yes
13,101 Annie Parker Cir,Smithfield,NC,8639,AMERICARES ADULT  HOMES #1,,ALF,12,10.0,No,No,No,No,,GLR,,Yes
14,103 Appalachian Blvd,Arden,NC,8648,ARDENWOODS AT HEATHER GLEN,INDEPENDENT,ALF,25,20.0,Yes,No,No,Yes,,GLR,,Yes
14,103 Appalachian Blvd,Arden,NC,18184,HEATHER GLEN AT ARDENWOODS,,ALF,60,48.0,No,No,No,No,,GLR,,Yes
14,103 Appalachian Blvd,Arden,NC,9051,HEATHER GLEN AT ARDENWOODS,,ALF,60,48.0,No,No,No,No,,GLR,,Yes
15,105 Convention Dr,Cary,NC,9519,STONERIDGE GRACIOUS RETIREMENT,INDEPENDENT,ALF,16,13.0,Yes,No,Yes,No,,GLR,,Yes
15,105 Convention Dr,Cary,NC,19437,STONERIDGE GRACIOUS RETIREMENT LIVING,,ALF,126,101.0,No,No,No,No,,GLR,,Yes
16,1050 Crescent Green Dr,Cary,NC,9049,HEARTFIELDS,NHC,ALF,53,42.0,Yes,Yes,No,No,,GLR,,Yes
16,1050 Crescent Green Dr,Cary,NC,9048,HEARTFIELDS AT CARY,NHC,ALF,97,78.0,No,No,No,No,,GLR,,Yes
17,11 Commerce Dr,Gatesville,NC,8998,GATES HOUSE ALF AND MEMORY CARE,Navion Senior Solutions,ALF,51,41.0,Yes,Yes,No,No,,GLR,,Yes
17,11 Commerce Dr,Gatesville,NC,8997,GATES HOUSE,Navion Senior Solutions,ALF,70,56.0,No,No,No,No,,GLR,,Yes
18,1110 Falls River Ave,Raleigh,NC,8960,FALLS RIVER VILLAGE,TARANTINO PROPERTIES,ALF,18,14.0,Yes,No,Yes,No,,GLR,,Yes
18,1110 Falls River Ave,Raleigh,NC,8961,FALLS RIVER VILLAGE ASSISTED LIVING COMMUNITY,TARANTINO PROPERTIES,ALF,60,48.0,No,No,No,No,,GLR,,Yes
19,112 Pony Barn Rd,Lawndale,NC,9270,OPENVIEW RETIREMENT,INDEPENDENT,ALF,19,15.0,Yes,No,No,Yes,,GLR,,Yes
19,112 Pony Barn Rd,Lawndale,NC,9271,OPENVIEW RETIREMENT CENTER,,ALF,24,19.0,No,No,No,No,,GLR,,Yes
20,1130 Falls River Ave,Raleigh,NC,8958,FALLS RIVER COURT,TARANTINO PROPERTIES,ALF,23,18.0,Yes,No,Yes,No,,GLR,,Yes
20,1130 Falls River Ave,Raleigh,NC,8959,FALLS RIVER COURT MEMORY CARE COMMUNITY,TARANTINO PROPERTIES,ALF,38,30.0,No,No,No,No,,GLR,,Yes
21,114 Polks Village Ln,Chapel Hill,NC,8864,CHATHAM RIDGE MC,Navion Senior Solutions,ALF,9,7.0,Yes,Yes,No,No,,GLR,,Yes
21,114 Polks Village Ln,Chapel Hill,NC,8863,CHATHAM RIDGE ASSISTED LIVING,Navion Senior Solutions,ALF,91,73.0,No,No,No,No,,GLR,,Yes
22,11945 Providence Rd.,Charlotte,NC,9770,WALTONWOOD PROVIDENCE MC,SINGH,ALF,6,5.0,Yes,Yes,No,No,Own Provider Group,GLR,,Yes
22,11945 Providence Rd.,Charlotte,NC,9768,WALTONWOOD PROVIDENCE AL,SINGH,ALF,35,28.0,Yes,Yes,No,No,Own Provider Group,GLR,,Yes
22,11945 Providence Rd.,Charlotte,NC,9769,WALTONWOOD PROVIDENCE IN,SINGH,ILF,6,5.0,Yes,No,Yes,No,Own Provider Group,GLR,,Yes
23,1221 Broad St,Fuquay-Varina,NC,9800,WINDSOR POINT MC,INDEPENDENT,ALF,4,3.0,Yes,Yes,No,No,,GLR,,Yes
23,1221 Broad St,Fuquay-Varina,NC,9798,WINDSOR POINT AL,INDEPENDENT,ALF,28,22.0,Yes,Yes,No,No,,GLR,,Yes
23,1221 Broad St,Fuquay-Varina,NC,9799,WINDSOR POINT IN,INDEPENDENT,ILF,37,30.0,Yes,No,No,Yes,,GLR,,Yes
23,1221 Broad St,Fuquay-Varina,NC,9801,WINDSOR POINT SNF,INDEPENDENT,SNF,30,24.0,Yes,No,No,Yes,,GLR,,Yes
24,1267 Pinnacle Church Rd,Nebo,NC,8858,CEDARBROOK,CEDERBROOK,ALF,64,51.0,Yes,No,No,Yes,,GLR,,Yes
24,1267 Pinnacle Church Rd,Nebo,NC,17503,CEDARBROOK RESIDENTIAL CENTER,CEDERBROOK,ALF,80,64.0,No,No,No,No,,GLR,,Yes
24,1267 Pinnacle Church Rd,Nebo,NC,8859,CEDARBROOK RESIDENTIAL CENTER,CEDERBROOK,ALF,80,64.0,No,No,No,No,,GLR,,Yes
25,1294 Priddy Rd,King,NC,9303,PRIDDY MANOR-ALF,Navion Senior Solutions,ALF,89,71.0,Yes,No,Yes,No,,GLR,,Yes
25,1294 Priddy Rd,King,NC,9352,PRIDDY MANOR ASSISTED LIVING,Navion Senior Solutions,ALF,79,63.0,No,No,No,No,,GLR,,Yes
26,160 Health Care Dr,Rutherfordton,NC,8880,COLONIAL MANOR HEALTH CARE,INDEPENDENT,ALF,37,30.0,Yes,No,No,Yes,,GLR,,Yes
26,160 Health Care Dr,Rutherfordton,NC,8881,COLONIAL MANOR REST HOME,,ALF,34,27.0,No,No,No,No,,GLR,,Yes
26,160 Health Care Dr,Rutherfordton,NC,17615,COLONIAL MANOR REST HOME,,ALF,34,27.0,No,No,No,No,,GLR,,Yes
27,1650 Cokey Rd,Rocky Mount,NC,9068,HERITAGE ROCKY MOUNT,INDEPENDENT,ALF,23,18.0,Yes,No,Yes,No,,GLR,,Yes
27,1650 Cokey Rd,Rocky Mount,NC,9060,HERITAGE CARE OF ROCKY MOUNT,,ALF,126,101.0,No,No,No,No,,GLR,,Yes
28,1670 Westbrook Ave,Burlington,NC,9265,OAKS OF ALAMANCE,INDEPENDENT,ALF,25,20.0,Yes,Yes,No,No,,GLR,,Yes
28,1670 Westbrook Ave,Burlington,NC,9668,THE OAKS OF ALAMANCE,,ALF,69,55.0,No,No,No,No,,GLR,,Yes
29,170 S Main St,Mars Hill,NC,9189,MARS HILL MANOR ASSISTED LIVING,MAINSTAY SENIOR LIVING,ALF,49,39.0,Yes,Yes,No,No,,GLR,,Yes
29,170 S Main St,Mars Hill,NC,9190,MARS HILL RETIREMENT COMMUNITY,MAINSTAY SENIOR LIVING,ALF,69,55.0,No,No,No,No,,GLR,,Yes
30,1705 Kildaire Farm Rd,Cary,NC,9498,SPRING ARBOR OF CARY MC,SPRING ARBOR MANAGEMENT,ALF,22,18.0,Yes,Yes,No,No,,GLR,,Yes
30,1705 Kildaire Farm Rd,Cary,NC,9497,SPRING ARBOR OF CARY AL,SPRING ARBOR MANAGEMENT,ALF,38,30.0,Yes,Yes,No,No,,GLR,,Yes
31,191 Crestview Dr,Mocksville,NC,9070,HERITAGE OF CEDAR ROCK,KISCO SENIOR LIVING,ALF,35,28.0,Yes,Yes,No,No,,GLR,,Yes
31,191 Crestview Dr,Mocksville,NC,9315,PS SENIOR LIVING OF MOCKSVILLE,KISCO SENIOR LIVING,ALF,40,32.0,No,No,No,No,,GLR,,Yes
32,200 Coventry Dr,Oxford,NC,8919,DUNMORE SENIOR LIVING,BUDDY ELMORE,ALF,31,25.0,Yes,Yes,No,No,,GLR,,Yes
32,200 Coventry Dr,Oxford,NC,8920,DUNMORE SENIOR LIVING OF OXFORD,BUDDY ELMORE,ALF,60,48.0,No,No,No,No,,GLR,,Yes
33,200 Minglewood Dr,Garner,NC,8814,CADENCE GARNER AL,COGIR SENIOR LIVING,ALF,25,20.0,Yes,Yes,No,No,,GLR,,Yes
33,200 Minglewood Dr,Garner,NC,8815,CADENCE GARNER MC,COGIR SENIOR LIVING,ALF,15,12.0,Yes,Yes,No,No,,GLR,,Yes
34,2060 W Fifth St,Greenville,NC,8630,ALPHA CARE ONE,"ALPHA CARE ONE ASSISTED LIVING, LLC",ALF,60,48.0,Yes,Yes,No,No,,GLR,,Yes
34,2060 W Fifth St,Greenville,NC,8631,ALPHA CARE ONE ASSISTED LIVING,"ALPHA CARE ONE ASSISTED LIVING, LLC",ALF,120,96.0,No,No,No,No,,GLR,,Yes
35,213 Richmond Hill Dr.,Asheville,NC,9401,RIVER BEND HEALTH & REHABILITATION SNF,BRIGHTON,ALF,92,74.0,Yes,No,No,Yes,MH Only Opportunity,GLR,,Yes
35,213 Richmond Hill Dr.,Asheville,NC,9400,RIVER BEND HEALTH & REHABILITATION ALF,BRIGHTON,ALF,29,23.0,Yes,No,No,Yes,MH Only Opportunity,GLR,,Yes
36,240 Ann St,Fayetteville,NC,9067,HERITAGE PLACE SENIOR LIVING IN,BRIDGE SENIOR LIVING,ALF,3,2.0,Yes,No,Yes,No,,LEGACY,,Yes
36,240 Ann St,Fayetteville,NC,9066,HERITAGE PLACE SENIOR LIVING AL,BRIDGE SENIOR LIVING,ALF,14,11.0,Yes,No,Yes,No,,LEGACY,,Yes
36,240 Ann St,Fayetteville,NC,9069,HERITAGE SUITES,"COOL SPRINGS SENIOR CARE, LLC",ALF,62,50.0,No,No,No,No,,LEGACY,,Yes
37,250 Hopkins Rd,Kernersville,NC,9114,KERNER RIDGE ASSISTED LIVING & MEMORY CARE,Navion Senior Solutions,ALF,20,16.0,Yes,No,No,Yes,,GLR,,Yes
37,250 Hopkins Rd,Kernersville,NC,9113,KERNER RIDGE ASSISTED LIVING,Navion Senior Solutions,ALF,66,53.0,No,No,No,No,,GLR,,Yes
38,2521 Muriel Dr,Fayetteville,NC,9715,VALLEY PINES,INDEPENDENT,ALF,10,8.0,Yes,No,Yes,No,,GLR,,Yes
38,2521 Muriel Dr,Fayetteville,NC,9716,VALLEY PINES ADULT CARE,,ALF,23,18.0,No,No,No,No,,GLR,,Yes
39,2600 Croasdaile Farm Pkwy,Durham,NC,8892,CROASDAILE CLINIC,"THE UNITED METHODIST RETIREMENT HOMES, INC",ALF,9,7.0,Yes,No,No,Yes,,LEGACY,,Yes
39,2600 Croasdaile Farm Pkwy,Durham,NC,8894,CROASDAILE VILLAGE,"THE UNITED METHODIST RETIREMENT HOMES, INC",ALF,64,51.0,No,No,No,No,,LEGACY,,Yes
39,2600 Croasdaile Farm Pkwy,Durham,NC,17745,CROASDAILE VILLAGE,UNITED METHODIST RETIREMENT HOMES INC,ALF,599,479.0,No,No,No,No,,GLR,,Yes
40,2766 Grand Oaks Blvd,Burlington,NC,8628,ALAMANCE HOUSE AL,ALG Senior,ALF,45,36.0,Yes,Yes,No,No,,GLR,,Yes
40,2766 Grand Oaks Blvd,Burlington,NC,8629,ALAMANCE HOUSE MC,ALG Senior,ALF,38,30.0,Yes,Yes,No,No,,GLR,,Yes
41,2908 Country Home Rd,Concord,NC,8886,COUNTRY HOME,"COUNTRY HOME HEALTHCARE, LLC",ALF,39,31.0,Yes,No,No,Yes,,GLR,,Yes
41,2908 Country Home Rd,Concord,NC,9627,THE COUNTRY HOME,"COUNTRY HOME HEALTHCARE, LLC",ALF,40,32.0,No,No,No,No,,GLR,,Yes
42,30 Dalea Dr,Asheville,NC,9787,WILHAM RIDGE ASSISTED LIVING,INDEPENDENT,ALF,11,9.0,Yes,Yes,No,No,,GLR,,Yes
42,30 Dalea Dr,Asheville,NC,9786,CHASE SAMARITAN ASSISTED LIVING,,ALF,54,43.0,No,No,No,No,,GLR,,Yes
43,300 Kildaire Woods Dr,Cary,NC,9808,WOODLAND TERRACE MC,KISCO SENIOR LIVING,ALF,31,25.0,Yes,Yes,No,No,,GLR,,Yes
43,300 Kildaire Woods Dr,Cary,NC,9806,WOODLAND TERRACE AL,KISCO SENIOR LIVING,ALF,30,24.0,Yes,Yes,No,No,,GLR,,Yes
43,300 Kildaire Woods Dr,Cary,NC,9807,WOODLAND TERRACE IN,KISCO SENIOR LIVING,ILF,30,24.0,Yes,No,No,Yes,,GLR,,Yes
44,300 Meadowland Driv,Hillsborough,NC,9322,PEAK RESOURCES BROOKSHIRE ALF,PEAK RESOURCES,ALF,6,5.0,Yes,No,No,Yes,,GLR,,Yes
44,300 Meadowland Driv,Hillsborough,NC,9323,PEAK RESOURCES BROOKSHIRE SNF,PEAK RESOURCES,ALF,56,45.0,Yes,No,No,Yes,,GLR,,Yes
45,301 Craig St,Mt. Holly,NC,9809,WOODLAWN HAVEN,INDEPENDENT,ALF,67,54.0,Yes,Yes,No,No,,GLR,,Yes
45,301 Craig St,Mt. Holly,NC,9810,WOODLAWN HAVEN ASSISTED LIVING,,ALF,80,64.0,No,No,No,No,,GLR,,Yes
46,3101 Duraleigh Rd,Raleigh,NC,8702,BRIGHTON GARDENS RALEIGH,Sunrise Senior Living,ALF,21,17.0,Yes,No,Yes,No,,GLR,,Yes
46,3101 Duraleigh Rd,Raleigh,NC,8704,BRIGHTON GARDENS OF RALEIGH,Sunrise Senior Living,ALF,115,92.0,No,No,No,No,,GLR,,Yes
47,312 Harrison Ave,Yadkinville,NC,9095,INTEGRITY - PINEBROOK LLC,INTEGRITY SENIOR LIVING,ALF,51,41.0,Yes,Yes,No,No,,GLR,,Yes
47,312 Harrison Ave,Yadkinville,NC,9340,PINEBROOK RESIDENTIAL CENTER I,INTEGRITY SENIOR LIVING,ALF,54,43.0,No,No,No,No,,GLR,,Yes
47,312 Harrison Ave,Yadkinville,NC,18986,PINEBROOK RESIDENTIAL CENTER I,INTEGRITY SENIOR LIVING,ALF,54,43.0,No,No,No,No,,GLR,,Yes
48,3134 Harmony Hwy,Harmony,NC,9417,ROSEWOOD HARMONY,INDEPENDENT,ALF,22,18.0,Yes,No,No,Yes,,LEGACY,,Yes
48,3134 Harmony Hwy,Harmony,NC,9416,ROSEWOOD ASSISTED LIVING,"LANCASTER HEALTH CARE, INC",ALF,54,43.0,No,No,No,No,,LEGACY,,Yes
49,3199 Sweeten Creek Rd,Asheville,NC,8647,ARBOR TERRACE OF ASHEVILLE MC,ARBOR COMPANY,ALF,4,3.0,Yes,Yes,No,No,,GLR,,Yes
49,3199 Sweeten Creek Rd,Asheville,NC,8646,ARBOR TERRACE OF ASHEVILLE AL,ARBOR COMPANY,ALF,56,45.0,Yes,Yes,No,No,,GLR,,Yes
50,3504 Flint St,Greensboro,NC,8622,ABBOTSWOOD AT IRVING PARK IN,KISCO SENIOR LIVING,ALF,26,21.0,Yes,No,No,Yes,,GLR,,Yes
50,3504 Flint St,Greensboro,NC,17007,ABBOTSWOOD AT IRVING PARK,KISCO SENIOR LIVING,ALF,239,191.0,No,No,No,No,,GLR,,Yes
51,3506 Flint St,Greensboro,NC,9718,VERRA SPRINGS AT ABBOTSWOOD,KISCO SENIOR LIVING,ALF,9,7.0,Yes,Yes,No,No,,GLR,,Yes
51,3506 Flint St,Greensboro,NC,8621,ABBOTSWOOD AT IRVING PARK ASSISTED LIVING,KISCO SENIOR LIVING,ALF,28,22.0,No,No,No,No,,GLR,,Yes
52,3508 Flint St,Greensboro,NC,8945,ELMS AT ABBOTSWOOD,KISCO SENIOR LIVING,ALF,30,24.0,Yes,Yes,No,No,,GLR,,Yes
52,3508 Flint St,Greensboro,NC,9633,THE ELMS AT ABBOTSWOOD,KISCO SENIOR LIVING,ALF,48,38.0,No,No,No,No,,GLR,,Yes
52,3508 Flint St,Greensboro,NC,19608,THE ELMS AT ABBOTSWOOD,KISCO SENIOR LIVING,ALF,48,38.0,No,No,No,No,,GLR,,Yes
53,3619 S. Mebane St,Burlington,NC,8712,BROOKDALE BURLINGTON MC,BROOKDALE SENIOR LIVING,ALF,37,33.0,Yes,Yes,No,No,,GLR,,Yes
53,3619 S. Mebane St,Burlington,NC,8710,BROOKDALE BURLINGTON AL,BROOKDALE SENIOR LIVING,ALF,34,40.0,Yes,Yes,No,No,,GLR,,Yes
54,3750 Harper Rd,Clemmons,NC,9686,TRINITY ELMS ALF,LUTHERAN SERVICES CAROLINAS,ALF,34,27.0,Yes,No,No,Yes,,GLR,,Yes
54,3750 Harper Rd,Clemmons,NC,9685,TRINITY ELMS,LUTHERAN SERVICES CAROLINAS,ALF,104,83.0,No,No,No,No,,GLR,,Yes
55,3896 N Elm St,Greensboro,NC,8763,BROOKSTONE TERRACE OF GREENSBORO AL,TerraBella Senior Living,ALF,27,22.0,Yes,Yes,No,No,,GLR,,Yes
55,3896 N Elm St,Greensboro,NC,8764,BROOKSTONE TERRACE OF GREENSBORO MC,TerraBella Senior Living,ALF,17,14.0,Yes,Yes,No,No,,GLR,,Yes
56,390 Hardin Rd,Forest City,NC,9486,SOUTHERN MANOR,INDEPENDENT,ALF,20,16.0,Yes,Yes,No,No,,GLR,,Yes
56,390 Hardin Rd,Forest City,NC,9487,SOUTHERN MANOR REST HOME,,ALF,25,20.0,No,No,No,No,,GLR,,Yes
57,4030 Cardinal At N Hills St,Raleigh,NC,9623,THE CARDINAL AT NORTH HILLS MC,KISCO SENIOR LIVING,ALF,11,9.0,Yes,Yes,No,No,,GLR,,Yes
57,4030 Cardinal At N Hills St,Raleigh,NC,9621,THE CARDINAL AT NORTH HILLS AL,KISCO SENIOR LIVING,ALF,27,22.0,Yes,Yes,No,No,,GLR,,Yes
57,4030 Cardinal At N Hills St,Raleigh,NC,9622,THE CARDINAL AT NORTH HILLS IN,KISCO SENIOR LIVING,ILF,41,33.0,Yes,Yes,No,No,,GLR,,Yes
58,405 Smith Level Rd,Chapel Hill,NC,9520,STRATFORD AL/MC,ALG Senior,ALF,58,46.0,Yes,Yes,No,No,,GLR,,Yes
58,405 Smith Level Rd,Chapel Hill,NC,9675,THE STRATFORD,ALG Senior,ALF,77,62.0,No,No,No,No,,GLR,,Yes
59,411 Windmill St,Walnut Cove,NC,9762,WALNUT RIDGE ASSISTED LIVING & MEMORY CARE,Navion Senior Solutions,ALF,45,36.0,Yes,Yes,No,No,,GLR,,Yes
59,411 Windmill St,Walnut Cove,NC,9761,WALNUT RIDGE ASSISTED LIVING,Navion Senior Solutions,ALF,63,50.0,No,No,No,No,,GLR,,Yes
60,4124 Pecan Dr,Hope Mills,NC,8831,CARDINAL CARE HOPE MILLS,JOEY CANNON,ALF,24,19.0,Yes,Yes,No,No,,GLR,,Yes
60,4124 Pecan Dr,Hope Mills,NC,8833,CARDINAL CARE OF HOPE MILLS,JOEY CANNON,ALF,29,23.0,No,No,No,No,,GLR,,Yes
61,4523 Hope Valley Rd,Durham,NC,8842,CAROLINA RESERVE OF DURHAM MC,Navion Senior Solutions,ALF,9,7.0,Yes,Yes,No,No,,GLR,,Yes
61,4523 Hope Valley Rd,Durham,NC,8841,CAROLINA RESERVE OF DURHAM AL,Navion Senior Solutions,ALF,37,30.0,Yes,Yes,No,No,,GLR,,Yes
62,5100 Lansing Dr,Winston-Salem,NC,9682,TRANQUILITY CARE OF WINSTON SALEM,INDEPENDENT,ALF,58,46.0,Yes,Yes,No,No,,GLR,,Yes
62,5100 Lansing Dr,Winston-Salem,NC,9681,TRANQUILITY CARE,,ALF,60,48.0,No,No,No,No,,GLR,,Yes
63,5215 Creedmoor Rd,Raleigh,NC,9180,MAGNOLIA GLEN AL,KISCO SENIOR LIVING,ALF,42,34.0,Yes,Yes,No,No,,GLR,,Yes
63,5215 Creedmoor Rd,Raleigh,NC,9179,MAGNOLIA GLEN,KISCO SENIOR LIVING,ALF,66,53.0,No,No,No,No,,GLR,,Yes
64,5235 Nc 226 S,Marion,NC,9407,ROCKY PASS FCH,INDEPENDENT,ALF,4,3.0,Yes,No,No,Yes,,GLR,,Yes
64,5235 Nc 226 S,Marion,NC,9186,MARION ASSISTED LIVING,,ALF,54,43.0,No,No,No,No,,GLR,,Yes
65,5301 Creedmoor Rd,Raleigh,NC,9181,MAGNOLIA GLEN IN,KISCO SENIOR LIVING,ALF,26,21.0,Yes,No,No,Yes,,GLR,,Yes
65,5301 Creedmoor Rd,Raleigh,NC,18550,MAGNOLIA GLEN,KISCO SENIOR LIVING,ALF,208,166.0,No,No,No,No,,GLR,,Yes
66,560 S Allen Rd,Flat Rock,NC,9517,STONECROFT,STONEGATE SENIOR LIVING,ALF,24,19.0,Yes,Yes,No,No,,GLR,,Yes
66,560 S Allen Rd,Flat Rock,NC,9518,STONECROFT ASSISTED LIVING,STONEGATE SENIOR LIVING,ALF,58,46.0,No,No,No,No,,GLR,,Yes
67,5660 Durham Rd,Roxboro,NC,9418,ROXBORO ASSISTED LIVING,"ROXBORO ASSISTED LIVING OPCO, LLC",ALF,54,43.0,Yes,Yes,No,No,,GLR,,Yes
67,5660 Durham Rd,Roxboro,NC,9419,ROXBORO ASSISTED LIVING OPCP LLC,"ROXBORO ASSISTED LIVING OPCO, LLC",ALF,120,96.0,No,No,No,No,,GLR,,Yes
68,5820 Carmel Rd,Charlotte,NC,9343,PINES ON CARMEL,SINCERI SENIOR LIVING,ALF,49,39.0,Yes,Yes,No,No,,GLR,,Yes
68,5820 Carmel Rd,Charlotte,NC,9670,THE PINES ON CARMEL SENIOR LIVING,SINCERI SENIOR LIVING,ALF,125,100.0,No,No,No,No,,GLR,,Yes
69,6016 Pine Town Rd,Oxford,NC,9684,TRE'MORE MANOR OF OXFORD,CRESCENT GREEN,ALF,19,15.0,Yes,Yes,No,No,,GLR,,Yes
69,6016 Pine Town Rd,Oxford,NC,9683,TRE' MORE MANOR ALF,CRESCENT GREEN,ALF,31,25.0,No,No,No,No,,GLR,,Yes
69,6016 Pine Town Rd,Oxford,NC,19909,TRE' MORE MANOR ALF,CRESCENT GREEN,ALF,31,25.0,No,No,No,No,,GLR,,Yes
70,602 Piney Grove Rd,Kernersville,NC,8698,BRADFORD VILLAGE WEST,INDEPENDENT,ALF,51,41.0,Yes,Yes,No,No,,GLR,,Yes
70,602 Piney Grove Rd,Kernersville,NC,9617,THE BRADFORD VILLAGE OF KERNERSVILLE - WEST,,ALF,62,50.0,No,No,No,No,,GLR,,Yes
71,63 Lakeview Dr N,Marion,NC,9140,LAKE JAMES LODGE,"LAKE JAMES LODGE ASSISTED LIVING, INC",ALF,34,27.0,Yes,Yes,No,No,,GLR,,Yes
71,63 Lakeview Dr N,Marion,NC,9141,LAKE JAMES LODGE ASSISTED LIVING,"LAKE JAMES LODGE ASSISTED LIVING, INC",ALF,60,48.0,No,No,No,No,,GLR,,Yes
72,630 Whittier Ave,High Point,NC,9781,WESTCHESTER HARBOUR,PROVIDENCE PLACE SENIOR HEALTH AND HOUSING,ALF,31,25.0,Yes,No,No,Yes,,GLR,,Yes
72,630 Whittier Ave,High Point,NC,9782,WESTCHESTER HARBOUR AT PROVIDENCE PLACE,PROVIDENCE PLACE SENIOR HEALTH AND HOUSING,ALF,90,72.0,No,No,No,No,,GLR,,Yes
73,650 Goldrock Rd,Rocky Mount,NC,9241,NAVION SENIOR LIVING - ROCKY MOUNT,Navion Senior Solutions,ALF,14,11.0,Yes,Yes,No,No,,GLR,,Yes
73,650 Goldrock Rd,Rocky Mount,NC,9246,NAVION OF ROCKY MOUNT,Navion Senior Solutions,ALF,60,48.0,No,No,No,No,,GLR,,Yes
74,6781 Old US Hwy 52,Lexington,NC,9012,GRAYSON CREEK ASSISTED LIVING,SOUTHLAND ASSISTED LIVING SERVICES,ALF,50,40.0,Yes,Yes,No,No,,LEGACY,,Yes
74,6781 Old US Hwy 52,Lexington,NC,9013,GRAYSON CREEK OF WELCOME,"LANDMARK ASSISTED LIVING, LLC",ALF,75,60.0,No,No,No,No,,LEGACY,,Yes
75,750 SE Cary Pkwy,Cary,NC,9763,WALTONWOOD CARY AL,SINGH,ALF,21,17.0,Yes,Yes,No,No,Own Provider Group,GLR,,Yes
75,750 SE Cary Pkwy,Cary,NC,9765,WALTONWOOD CARY MC,SINGH,ALF,14,11.0,Yes,No,Yes,No,Own Provider Group,GLR,,Yes
75,750 SE Cary Pkwy,Cary,NC,9764,WALTONWOOD CARY IN,SINGH,ILF,59,47.0,Yes,No,No,Yes,Own Provider Group,GLR,,Yes
76,7615 Dallas Cherryville Hwy,Cherryville,NC,9325,PEAK RESOURCES CHERRYVILLE,PEAK RESOURCES,ALF,73,58.0,Yes,No,No,Yes,,GLR,,Yes
76,7615 Dallas Cherryville Hwy,Cherryville,NC,9326,PEAK RESOURCES CHERRYVILLE REST HOME/ALF,PEAK RESOURCES,ALF,52,42.0,Yes,Yes,No,No,,GLR,,Yes
77,8398 Fayetteville Rd,Raeford,NC,9504,SPRING ARBOR OF THE SANDHILLS,WICKSHIRE SENIOR LIVING - 2 NC. 2 GA. 4 FL,ALF,47,38.0,Yes,No,Yes,No,,GLR,,Yes
77,8398 Fayetteville Rd,Raeford,NC,9502,SPRING ARBOR OF SAND HILLS,WICKSHIRE SENIOR LIVING - 2 NC. 2 GA. 4 FL,ALF,75,60.0,No,No,No,No,,GLR,,Yes
78,84 Johnson Estate Rd,Clayton,NC,8991,GABRIEL MANOR,SABER HEALTHCARE GROUP,ALF,47,38.0,Yes,Yes,No,No,,GLR,,Yes
78,84 Johnson Estate Rd,Clayton,NC,8992,GABRIEL MANOR ASSISTED LIVING CENTER,SABER HEALTHCARE GROUP,ALF,77,62.0,No,No,No,No,,GLR,,Yes
79,891 Noell Ln,Rocky Mount,NC,9091,HUNTER HILL SENIOR VILLAGE,JANET MOOSE,ALF,37,30.0,Yes,Yes,No,No,,GLR,,Yes
79,891 Noell Ln,Rocky Mount,NC,9090,HUNTER HILL ASSISTED LIVING,JANET MOOSE,ALF,64,51.0,No,No,No,No,,GLR,,Yes
80,901 W New Hope Rd,Goldsboro,NC,8937,EAGLES POINT,Navion Senior Solutions,ALF,52,42.0,Yes,Yes,No,No,,GLR,,Yes
80,901 W New Hope Rd,Goldsboro,NC,8936,EAGLE'S POINTE,Navion Senior Solutions,ALF,104,83.0,No,No,No,No,,GLR,,Yes
81,9051 Hwy 181,Jonas Ridge,NC,9103,JONAS RIDGE REST HOME,CAROLINA ALLIANCE,ALF,34,27.0,Yes,No,No,Yes,,GLR,,Yes
81,9051 Hwy 181,Jonas Ridge,NC,9102,JONAS RIDGE ADULT CARE,CAROLINA ALLIANCE,ALF,57,46.0,No,No,No,No,,GLR,,Yes
82,918 Fitzgerald St,Monroe,NC,8739,BROOKDALE MONROE SQUARE - CLAREBRIDGE,BROOKDALE SENIOR LIVING,ALF,37,42.0,Yes,Yes,No,No,,GLR,,Yes
82,918 Fitzgerald St,Monroe,NC,8741,BROOKDALE MONROE SQUARE AL,BROOKDALE SENIOR LIVING,ALF,41,39.0,Yes,Yes,No,No,,GLR,,Yes
83,95 Morningstar Ln,Sylva,NC,9218,MORNING STAR ASSISTED LIVING SYLVA,INDEPENDENT,ALF,31,25.0,Yes,Yes,No,No,,GLR,,Yes
83,95 Morningstar Ln,Sylva,NC,9225,MORNINGSTAR ASSISTED LIVING,,ALF,55,44.0,No,No,No,No,,GLR,,Yes
84,950 US Hwy 64 E,Columbia,NC,9697,TYRELL HOUSE,ALG Senior,ALF,30,24.0,Yes,Yes,No,No,,LEGACY,,Yes
84,950 US Hwy 64 E,Columbia,NC,9698,TYRRELL HOUSE,"EAST COAST AL HOLDINGS, LLC",ALF,50,40.0,No,No,No,No,,LEGACY,,Yes
85,1500 Villa Rd,Springfield,OH,11382,AVENTURA AT OAKWOOD VILLAGE,AVENTURA,ALF,105,84.0,Yes,No,No,Yes,Termination Risk,LEGACY,,Yes
85,1500 Villa Rd,Springfield,OH,11383,AVENTURA AT OAKWOOD VILLAGE ASSISTED LIVING,AVENTURA,ALF,48,38.0,Yes,Yes,No,No,Termination Risk,LEGACY,,Yes
86,15100 Birchaven Ln,Findlay,OH,11498,BIRCHAVEN RETIREMENT VILLAGE,BLANCHARD VALLEY HEALTH SYSTEM,ALF,35,28.0,Yes,No,No,Yes,,GLR,,Yes
86,15100 Birchaven Ln,Findlay,OH,17290,BIRCHAVEN HEIGHTS,BLANCHARD VALLEY HEALTH SYSTEM,ALF,287,230.0,No,No,No,No,,GLR,,Yes
87,1840 Towne Park Dr,Troy,OH,12454,STORYPOINT OF TROY,CSIG,ALF,29,23.0,Yes,Yes,No,No,,GLR,,Yes
87,1840 Towne Park Dr,Troy,OH,12422,STORYPOINT TROY,CSIG,ALF,104,83.0,No,No,No,No,,GLR,,Yes
88,2950 W Park Dr,Cincinnati,OH,11384,AVENTURA AT WEST PARK ALF,AVENTURA,ALF,72,58.0,Yes,Yes,No,No,Termination Risk,LEGACY,,Yes
88,2950 W Park Dr,Cincinnati,OH,11385,AVENTURA AT WEST PARK SNF,AVENTURA,ALF,94,75.0,Yes,Yes,No,No,Termination Risk,LEGACY,,Yes
89,3001 Middle Urbana Rd,Springfield,OH,12450,SPRINGFIELD CLARK ALF - NORTHWOOD,ASPIRE,ALF,60,48.0,Yes,No,Yes,No,,GLR,,Yes
89,3001 Middle Urbana Rd,Springfield,OH,11696,EAGLEWOOD VILLAGE,ASPIRE,ALF,80,64.0,No,No,No,No,,GLR,,Yes
90,3197 SW Blvd,Grove City,OH,11377,ASHFORD OF GROVE CITY,WALLICK SENIOR LIVING,ALF,28,22.0,Yes,Yes,No,No,,LEGACY,,Yes
90,3197 SW Blvd,Grove City,OH,12465,THE ASHFORD OF GROVE CITY,INDEPENDENT,ALF,165,132.0,No,No,No,No,,LEGACY,,Yes
91,3455 Nantucket Cir,Loveland,OH,12616,TRADITIONS - DEERFIELD,INDEPENDENT,ALF,30,24.0,Yes,No,No,Yes,,LEGACY,,Yes
91,3455 Nantucket Cir,Loveland,OH,12584,TRADITIONS OF DEERFIELD,INDEPENDENT,ALF,150,120.0,No,No,No,No,,LEGACY,,Yes
92,3700 Sturbridge Ct,Hilliard,OH,11376,ASHFORD AT STURBRIDGE,WALLICK SENIOR LIVING,ALF,15,12.0,Yes,No,No,Yes,,GLR,,Yes
92,3700 Sturbridge Ct,Hilliard,OH,12464,THE ASHFORD AT STURBRIDGE,WALLICK SENIOR LIVING,ALF,165,132.0,No,No,No,No,,GLR,,Yes
93,4801 E Broad St,Columbus,OH,11378,ASHFORD ON BROAD,WALLICK SENIOR LIVING,ALF,12,10.0,Yes,No,No,Yes,,GLR,,Yes
93,4801 E Broad St,Columbus,OH,12466,THE ASHFORD ON BROAD,WALLICK SENIOR LIVING,ALF,165,132.0,No,No,No,No,,GLR,,Yes
94,4916 N Bend Rd,Cincinnati,OH,12617,TRADITIONS - NORTH BEND,TRADITIONS,ALF,21,17.0,Yes,No,No,Yes,,GLR,,Yes
94,4916 N Bend Rd,Cincinnati,OH,12583,TRADITIONS AT NORTH BEND,TRADITIONS,ALF,72,58.0,No,No,No,No,,GLR,,Yes
95,5201 Morse Rd,Gahanna,OH,12443,SAGE PARK,SONIDA SENIOR LIVING,ALF,14,11.0,Yes,No,No,Yes,,GLR,,Yes
95,5201 Morse Rd,Gahanna,OH,12330,SAGE PARK ASSISTED LIVING AND MEMORY CARE,SONIDA SENIOR LIVING,ALF,66,53.0,No,No,No,No,,GLR,,Yes
96,555 N Glenn Ave,Washington Court House,OH,11657,COURT HOUSE MANOR ALF,HCF,ALF,16,13.0,Yes,No,Yes,No,,GLR,,Yes
96,555 N Glenn Ave,Washington Court House,OH,11656,COURT HOUSE MANOR,HCF,ALF,85,68.0,Yes,No,Yes,No,,GLR,,Yes
97,6727 Contreras Rd,Oxford,OH,12609,THE KNOLLS OF OXFORD - SNF,MAPLE KNOLL COMMUNITIES,ALF,34,27.0,Yes,No,No,Yes,,GLR,,Yes
97,6727 Contreras Rd,Oxford,OH,12608,THE KNOLLS OF OXFORD - ALF,MAPLE KNOLL COMMUNITIES,ALF,2,2.0,Yes,No,No,Yes,,GLR,,Yes
98,1009 Old Country Club Rd NW,Roanoke,VA,16010,HERMITAGE ROANOKE -HC,Pinnacle Living,ALF,6,5.0,Yes,No,No,Yes,,GLR,,Yes
98,1009 Old Country Club Rd NW,Roanoke,VA,16009,HERMITAGE ROANOKE - ALF,Pinnacle Living,ALF,19,15.0,Yes,No,No,Yes,,GLR,,Yes
99,1203 Roundtree Dr,Bedford,VA,15878,CARRIAGE HILL RETIREMENT-ALF,IMPACT SENIOR LIVING,ALF,81,65.0,Yes,No,No,Yes,,GLR,,Yes
99,1203 Roundtree Dr,Bedford,VA,17477,CARRIAGE HILL RETIREMENT,IMPACT SENIOR LIVING,ALF,140,112.0,No,No,No,No,,GLR,,Yes
100,1320 Enterprise Dr,Lynchburg,VA,16206,THE SUMMIT- ALF,LIFESPIRE OF VIRGINIA,ALF,37,30.0,Yes,Yes,No,No,,GLR,,Yes
100,1320 Enterprise Dr,Lynchburg,VA,16235,THE SUMMIT ASSISTED LIVING,LIFESPIRE OF VIRGINIA,ALF,72,58.0,No,No,No,No,,GLR,,Yes
101,160 Kendal Dr,Lexington,VA,16018,KENDAL AT LEXINGTON - ALF,KENDAL AT LEXINGTON,ALF,4,3.0,Yes,Yes,No,No,,GLR,,Yes
101,160 Kendal Dr,Lexington,VA,16019,KENDAL AT LEXINGTON - SNF/NF,KENDAL AT LEXINGTON,ALF,42,34.0,Yes,No,No,Yes,,GLR,,Yes
102,1604 Graves Mill Rd,Lynchburg,VA,15837,BENTLEY COMMONS-ALF,KAPLAN DEVELOPMENT,ALF,41,33.0,Yes,Yes,No,No,,GLR,,Yes
102,1604 Graves Mill Rd,Lynchburg,VA,17266,BENTLEY COMMONS AT LYNCHBURG,KAPLAN DEVELOPMENT,ALF,135,108.0,No,No,No,No,,GLR,,Yes
102,1604 Graves Mill Rd,Lynchburg,VA,15838,BENTLEY COMMONS-IL,KAPLAN DEVELOPMENT,ILF,4,3.0,Yes,No,No,Yes,,GLR,,Yes
103,200 The Glebe Blvd,Daleville,VA,15958,GLEBE-ALF,LIFESPIRE OF VIRGINIA,ALF,24,19.0,Yes,Yes,No,No,,GLR,,Yes
103,200 The Glebe Blvd,Daleville,VA,19628,THE GLEBE,LIFESPIRE OF VIRGINIA,ALF,84,67.0,No,No,No,No,,GLR,,Yes
103,200 The Glebe Blvd,Daleville,VA,15959,GLEBE-INDEPENDENT LIVING,LIFESPIRE OF VIRGINIA,ILF,51,41.0,Yes,No,No,Yes,,GLR,,Yes
103,200 The Glebe Blvd,Daleville,VA,15960,GLEBE-SNF/NF,LIFESPIRE OF VIRGINIA,SNF,31,25.0,Yes,No,No,Yes,,GLR,,Yes
104,2387 Warm Hearth Dr,Blacksburg,VA,16254,WARM HEARTH-THE WILLOWS,WARM HEARTH VILLAGE,ALF,23,18.0,Yes,No,No,Yes,,GLR,,Yes
104,2387 Warm Hearth Dr,Blacksburg,VA,16251,WARM HEARTH-SHOWALTER CENTER,WARM HEARTH VILLAGE,ALF,30,24.0,Yes,No,No,Yes,,GLR,,Yes
104,2387 Warm Hearth Dr,Blacksburg,VA,16252,WARM HEARTH-THE ARBORS,WARM HEARTH VILLAGE,ALF,10,8.0,Yes,No,No,Yes,,GLR,,Yes
104,2387 Warm Hearth Dr,Blacksburg,VA,16253,WARM HEARTH-THE COVE-SNF/NF,WARM HEARTH VILLAGE,SNF,72,58.0,Yes,No,No,Yes,,GLR,,Yes
105,302 N 2Nd St.,Bridgewater,VA,15871,"BRIDGEWATER HOME, INC. - ALF",INDEPENDENT,ALF,68,54.0,Yes,No,Yes,No,,GLR,,Yes
105,302 N 2Nd St.,Bridgewater,VA,15873,"BRIDGEWATER HOME, INC. - SNF",INDEPENDENT,ALF,123,98.0,Yes,Yes,No,No,,GLR,,Yes
106,31 Woodlee Rd,Staunton,VA,15816,AVIVA BALDWIN PARK-ALF,AVIVA SENIOR LIVING,ALF,30,24.0,Yes,No,Yes,No,,GLR,,Yes
106,31 Woodlee Rd,Staunton,VA,17205,AVIVA BALDWIN PARK,AVIVA SENIOR LIVING,ALF,75,60.0,No,No,No,No,,GLR,,Yes
107,350 Kings Way Rd,Martinsville,VA,16024,KING'S GRANT ALF,SUNNYSIDE COMMUNITIES,ALF,27,22.0,Yes,No,No,Yes,,GLR,,Yes
107,350 Kings Way Rd,Martinsville,VA,16025,KING'S GRANT SNF,SUNNYSIDE COMMUNITIES,ALF,18,14.0,Yes,No,No,Yes,,GLR,,Yes
108,351 New Market Rd,Timberville,VA,16214,TIMBERVIEW CROSSING (ALF),"SENIORS CROSSING, INC",ALF,38,30.0,Yes,Yes,No,No,,GLR,,Yes
108,351 New Market Rd,Timberville,VA,19886,TIMBERVIEW CROSSING,"SENIORS CROSSING, INC",ALF,45,36.0,No,No,No,No,,GLR,,Yes
109,3607 Stone Spring Rd,Harrisonburg,VA,15936,ENGLISH MEADOWS AT PRESTON LAKE,ENGLISH MEADOWS,ALF,55,44.0,Yes,Yes,No,No,,GLR,,Yes
109,3607 Stone Spring Rd,Harrisonburg,VA,17888,ENGLISH MEADOWS HARRISONBURG CAMPUS,ENGLISH MEADOWS,ALF,80,64.0,No,No,No,No,,GLR,,Yes
110,3837 Brandon Ave SW,Roanoke,VA,15847,BRANDON OAKS INTENSIVE-MEMORY CARE,VIRGINIA LUTHERAN HOMES,ALF,20,16.0,Yes,Yes,No,No,,GLR,,Yes
110,3837 Brandon Ave SW,Roanoke,VA,15849,BRANDON OAKS NURSING AND REHABILITATION CENTER ALF,VIRGINIA LUTHERAN HOMES,ALF,31,25.0,Yes,Yes,No,No,,GLR,,Yes
110,3837 Brandon Ave SW,Roanoke,VA,15870,BRANDON OAKS NURSING AND REHABILITATION CENTER SNF,VIRGINIA LUTHERAN HOMES,SNF,89,71.0,Yes,No,No,Yes,,GLR,,Yes
111,393 Front St,Lovingston,VA,16216,TOWN CREEK - ALF,REGION TEN,ALF,49,39.0,Yes,No,Yes,No,,GLR,,Yes
111,393 Front St,Lovingston,VA,19889,TOWN CREEK ASSISTED LIVING FACILITY,REGION TEN,ALF,62,50.0,No,No,No,No,,GLR,,Yes
112,3935 Sunnyside Dr,Harrisonburg,VA,16168,SUNNYSIDE ALF,SUNNYSIDE COMMUNITIES,ALF,69,55.0,Yes,Yes,No,No,,GLR,,Yes
112,3935 Sunnyside Dr,Harrisonburg,VA,16170,SUNNYSIDE SNF,SUNNYSIDE COMMUNITIES,ALF,76,61.0,Yes,No,No,Yes,,GLR,,Yes
112,3935 Sunnyside Dr,Harrisonburg,VA,16169,SUNNYSIDE ILF,SUNNYSIDE COMMUNITIES,ILF,103,82.0,Yes,No,No,Yes,,GLR,,Yes
113,650 N Jefferson St,Roanoke,VA,16083,OUR LADY OF THE VALLEY-ALF,CATHOLIC DICESE OF RICHMOND,ALF,92,74.0,Yes,Yes,No,No,,GLR,,Yes
113,650 N Jefferson St,Roanoke,VA,16084,OUR LADY OF THE VALLEY-SNF/NF,CATHOLIC DICESE OF RICHMOND,ALF,69,55.0,Yes,No,No,Yes,,GLR,,Yes
114,7486 Lee Hwy,Radford,VA,15903,COMMONWEALTH-RADFORD ALF,MCAP,ALF,51,41.0,Yes,Yes,No,No,,GLR,,Yes
114,7486 Lee Hwy,Radford,VA,17647,COMMONWEALTH SENIOR LIVING AT RADFORD,COMMONWEALTH SENIOR LIVING,ALF,102,82.0,No,No,No,No,,NIC-A,,Yes
115,100 Neighborly Way,Somerset,KY,6113,THE NEIGHBORHOOD AT SOMERSET,PHOENIX SENIOR LIVING,ALF,42,34.0,No,No,No,No,,NIC-A,,No
115,100 Neighborly Way,Somerset,KY,19719,THE NEIGHBORHOOD OF SOMERSET,PHOENIX SENIOR LIVING,ALF,19,15.0,No,No,No,No,,NIC-A,,No
116,1108 Regency Way,Elizabethtown,KY,25506,Aspen Alcove at Elizabethtown,Triple Crown Senior Living,ALF,41,,No,No,No,No,,WEB,,No
116,1108 Regency Way,Elizabethtown,KY,17309,"BLUEGRASS ASSISTED LIVING
(ELIZABETHTOWN)",ASPEN ALCOVE ELIZABETHTOWN LLC,ALF,76,61.0,No,No,No,No,,LEGACY,,No
117,1825 Little Herb Way,Lexington,KY,5973,PRESTON GREENS SENIOR LIVING,Integral Senior Living,ALF,124,99.0,No,No,No,No,,NIC-A,,No
117,1825 Little Herb Way,Lexington,KY,19030,PRESTON GREENS,Integral Senior Living,ALF,124,99.0,No,No,No,No,,NIC-A,,No
118,2344 Amsterdam Rd,Villa Hills,KY,18547,MADONNA MANOR,CHI Living Communities,ALF,230,184.0,No,No,No,No,,NIC-A,,No
118,2344 Amsterdam Rd,Villa Hills,KY,5908,"MADONNA MANOR, INC.",CHI Living Communities,ALF,40,32.0,No,No,No,No,,NIC-A,,No
119,701 Liberty Ridge Ln,Lexington,KY,6053,SEACOAST AT LIBERTY RIDGE,SeaCoast Health Systems,ALF,65,52.0,No,No,No,No,,LEGACY,,No
119,701 Liberty Ridge Ln,Lexington,KY,18496,"LIBERTY RIDGE SENIOR LIVING, INC",SeaCoast Health Systems,ALF,63,50.0,No,No,No,No,,LEGACY,,No
120,250 Pitt St,Kernersville,NC,9471,SHULER HEALTH CARE PHILLIPS VILLA,"STAR CARE NETWORK, INC",ALF,12,10.0,No,No,No,No,,LEGACY,,No
120,250 Pitt St,Kernersville,NC,9473,SHULER HEALTH CARE RECORD VILLA,"STAR CARE NETWORK, INC",ALF,12,10.0,No,No,No,No,,LEGACY,,No
120,250 Pitt St,Kernersville,NC,9474,SHULER HEALTH CARE STOREY VILLA,"STAR CARE NETWORK, INC",ALF,12,10.0,No,No,No,No,,LEGACY,,No
120,250 Pitt St,Kernersville,NC,9472,SHULER HEALTH CARE PIERCE VILLA,"STAR CARE NETWORK, INC",ALF,12,10.0,No,No,No,No,,LEGACY,,No
120,250 Pitt St,Kernersville,NC,9470,SHULER HEALTH CARE CRANE VILLA,"STAR CARE NETWORK, INC",ALF,12,10.0,No,No,No,No,,LEGACY,,No
121,2701 Amhurst Blvd,New Bern,NC,9693,"TRUEWOOD BY MERRILL, NEW BERN MEMORY CARE",Merrill Gardens,ALF,25,20.0,No,No,No,No,,NIC-A,,No
121,2701 Amhurst Blvd,New Bern,NC,9692,"TRUEWOOD BY MERRILL, NEW BERN",Merrill Gardens,ALF,55,44.0,No,No,No,No,,NIC-A,,No
122,305 Vance St,Fremont,NC,9775,WAYNE COUNTY REST VILLA NO. 2,"B & J REST VILLAS, INC",ALF,12,10.0,No,No,No,No,,LEGACY,,No
122,305 Vance St,Fremont,NC,9774,WAYNE COUNTY REST VILLA NO. 1,"B & J REST VILLAS, INC",ALF,12,10.0,No,No,No,No,,LEGACY,,No
123,3218 Heritage Trade Dr,Wake Forest,NC,8821,CADENCE AT WAKE FOREST,Cogir USA,ALF,96,77.0,No,No,No,No,,NIC-A,,No
123,3218 Heritage Trade Dr,Wake Forest,NC,17438,CADENCE  ASSISTED LIVING OF WAKE FOREST,Cogir USA,ALF,60,48.0,No,No,No,No,,NIC-A,,No
124,3800 Shamrock Dr,Charlotte,NC,8900,CUTHBERTSON VILLAGE AT ALDERSGATE,"ALDERSGATE UMRC, INC",ALF,61,49.0,No,No,No,No,,LEGACY,,No
124,3800 Shamrock Dr,Charlotte,NC,9317,PARKER TERRACE,"ALDERSGATE UNITED METHODIST RETIREMENT COMMUNITY, INC",ALF,53,42.0,No,No,No,No,,LEGACY,,No
125,474 Jerry Rd,Selma,NC,8660,AUTUMN HOME CARE OF JOHNSTON COUNTY II,"AUTUMN HOME CARE OF JOHNSTON COUNTY, INC",ALF,12,10.0,No,No,No,No,,LEGACY,,No
125,474 Jerry Rd,Selma,NC,8659,AUTUMN HOME CARE OF JOHNSTON COUNTY I,"AUTUMN HOME CARE OF JOHNSTON COUNTY, INC",ALF,12,10.0,No,No,No,No,,LEGACY,,No
125,474 Jerry Rd,Selma,NC,8661,AUTUMN HOME CARE OF JOHNSTON COUNTY III,"AUTUMN HOME CARE OF JOHNSTON COUNTY, INC",ALF,12,10.0,No,No,No,No,,LEGACY,,No
126,6516 Johnson Pond Rd,Fuquay Varina,NC,9595,TERRABELLA FUQUAY-VARINA,SENIOR LIFESTYLE,ALF,96,77.0,No,No,No,No,,GLR,,No
126,6516 Johnson Pond Rd,Fuquay Varina,NC,19545,THE ADDISON OF FUQUAY-VARINA,SENIOR LIFESTYLE,ALF,62,50.0,No,No,No,No,,GLR,,No
127,750 Weaver Dairy Rd,Chapel Hill,NC,8838,CAROL WOODS RETIREMENT COMMUNITY - BUILDING 7,"THE CHAPEL HILL RESIDENTIAL RETIREMENT CENTER, INC",ALF,12,10.0,No,No,No,No,,LEGACY,,No
127,750 Weaver Dairy Rd,Chapel Hill,NC,9624,THE CAROL WOODS RETIREMENT COMMUNITY - BUILDING 6,"THE CHAPEL HILL RESIDENTIAL RETIREMENT CENTER, INC",ALF,12,10.0,No,No,No,No,,LEGACY,,No
128,941 Goins Rd,Pembroke,NC,9213,MORNING STAR AL # 2,"J & S CARE, INC",ALF,12,10.0,No,No,No,No,,LEGACY,,No
128,941 Goins Rd,Pembroke,NC,9215,MORNING STAR AL # 4,"J & S CARE, INC",ALF,12,10.0,No,No,No,No,,LEGACY,,No
129,95 Richmond Hill Rd,Asheville,NC,9393,RICHMOND HILL ASSISTED LIVING #3,,ALF,12,10.0,No,No,No,No,,GLR,,No
129,95 Richmond Hill Rd,Asheville,NC,9392,RICHMOND HILL ASSISTED LIVING #2,,ALF,12,10.0,No,No,No,No,,GLR,,No
129,95 Richmond Hill Rd,Asheville,NC,9396,RICHMOND HILL ASSISTED LIVING 1,,ALF,12,10.0,No,No,No,No,,GLR,,No
129,95 Richmond Hill Rd,Asheville,NC,9395,RICHMOND HILL ASSISTED LIVING #5,,ALF,12,10.0,No,No,No,No,,GLR,,No
129,95 Richmond Hill Rd,Asheville,NC,9394,RICHMOND HILL ASSISTED LIVING #4,,ALF,12,10.0,No,No,No,No,,GLR,,No
130,998 Five Points Rd,Benson,NC,9200,MCLAMB'S REST HOME #2,MAYLON & KATIE MCLAMB,ALF,12,10.0,No,No,No,No,,LEGACY,,No
130,998 Five Points Rd,Benson,NC,9199,MCLAMB'S REST HOME,MAYLON & KATIE MCLAMB,ALF,12,10.0,No,No,No,No,,LEGACY,,No
131,100 N Miller Dr,Sunbury,OH,18327,"INN AT WALNUT TRAIL, THE",INN AT WALNUT TRAIL LIMITED THE,ALF,137,110.0,No,No,No,No,,LEGACY,,No
131,100 N Miller Dr,Sunbury,OH,12516,THE INN AT WALNUT TRAIL,INDEPENDENT,ALF,72,58.0,No,No,No,No,,LEGACY,,No
132,101 Dorothy Pl,Saint Clairsville,OH,12355,SENIOR SUITES AT SAINT CLAIR COMMONS,INDEPENDENT,ALF,100,80.0,No,No,No,No,,LEGACY,,No
132,101 Dorothy Pl,Saint Clairsville,OH,19263,SENIOR SUITES AT ST CLAIR COMMONS,SENIOR SUITES AT ST CLAIR COMMONS LLC,ALF,120,96.0,No,No,No,No,,LEGACY,,No
133,1019 Oldtown Valley Rd SE,New Philadelphia,OH,12243,PARK VILLAGE SOUTHSIDE,Park Village Health Care,ALF,72,58.0,No,No,No,No,,NIC-B,,No
133,1019 Oldtown Valley Rd Se,New Philadelphia,OH,18923,"PARK VILLAGE AL, NP, LLC",Park Village Health Care,ALF,120,96.0,No,No,No,No,,NIC-B,,No
134,11320 Springfield Pike,Springdale,OH,11473,BROOKDALE SPRINGDALE MEMORY CARE,BROOKDALE SENIOR LIVING,ALF,42,34.0,No,No,No,No,,LEGACY,,No
134,11320 Springfield Pike,Springdale,OH,11472,BROOKDALE SPRINGDALE ASSISTED LIVING,BROOKDALE SENIOR LIVING,ALF,72,58.0,No,No,No,No,,LEGACY,,No
135,1149 College Ave,Columbus,OH,17692,COTTAGE AT WEXNER HERITAGE VILLAGE THE,HERITAGE TOWER COLUMBUS LLC,ALF,20,16.0,No,No,No,No,,LEGACY,,No
135,1149 College Ave,Columbus,OH,12497,THE GERALDINE SCHOTTENSTEIN COTTAGE,INDEPENDENT,ALF,72,58.0,No,No,No,No,,LEGACY,,No
136,13000 Auburn Rd,Chardon,OH,12383,SISTERS OF NOTRE DAME,INDEPENDENT,ALF,72,58.0,No,No,No,No,,LEGACY,,No
136,13000 Auburn Rd,Chardon,OH,18804,NOTRE DAME VILLAGE,SISTERS OF NOTRE DAME OF CLEVELAND OHIO THE,ALF,167,134.0,No,No,No,No,,LEGACY,,No
137,145 Colemans Crossing Blvd,Marysville,OH,17308,BLUEBIRD RETIREMENT COMMUNITY MARYSVILLE,BLUEBIRD MARYSVILLE LLC,ALF,125,100.0,No,No,No,No,,LEGACY,,No
137,145 Colemans Crossing Blvd,Marysville,OH,11427,BLUEBIRD RETIREMENT COMMUNITY,INDEPENDENT,ALF,78,62.0,No,No,No,No,,LEGACY,,No
138,1500 Weaver Dr,Granville,OH,18668,MIDDLETON,CONTINENTAL SENIOR COMMUNITIES,ALF,148,118.0,No,No,No,No,,NIC-A,,No
138,1500 Weaver Dr,Granville,OH,12096,MIDDLETON SENIOR LIVING,CONTINENTAL SENIOR COMMUNITIES,ALF,192,154.0,No,No,No,No,,NIC-A,,No
139,153 University Dr,Chillicothe,OH,12137,NATIONAL CHURCH RESIDENCES HOPETON VILLAGE,NATIONAL CHURCH RESIDENCES,ALF,74,59.0,No,No,No,No,,NIC-A,,No
139,153 University Dr,Chillicothe,OH,18756,NATIONAL CHURCH RESIDENCES AT HOPETON VILLAGE,NATIONAL CHURCH RESIDENCES,ALF,74,59.0,No,No,No,No,,NIC-A,,No
140,1605 Venture Dr,Mount Vernon,OH,11663,DANBURY SENIOR LIVING,Danbury Senior Living,ALF,72,58.0,No,No,No,No,,NIC-A,,No
140,1605 Venture Dr,Mount Vernon,OH,18740,"MOUNT VERNON SENIOR LIVING, LLC",Danbury Senior Living,ALF,119,95.0,No,No,No,No,,NIC-A,,No
141,1640 Allentown Rd,Lima,OH,12009,LOCHHAVEN ASSISTED LIVING APARTMENTS,INDEPENDENT,ALF,59,47.0,No,No,No,No,,LEGACY,,No
141,1640 Allentown Rd,Lima,OH,18511,LOCHHAVEN,LIMA CONVALESCENT HOME FOUNDATION INC,ALF,100,80.0,No,No,No,No,,LEGACY,,No
142,1859 Grand Ave,Cincinnati,OH,19539,TERRACE AT WESTSIDE THE,ETA FAMILY LLC,ALF,40,32.0,No,No,No,No,,LEGACY,,No
142,1859 Grand Ave,Cincinnati,OH,12558,THE TERRACE AT WESTSIDE,INDEPENDENT,ALF,41,33.0,No,No,No,No,,LEGACY,,No
143,1882 Knob St,Louisville,OH,19224,SAINT JOSEPH ASSISTED RESIDENCE,ST JOSEPH CARE CENTER,ALF,164,131.0,No,No,No,No,,LEGACY,,No
143,1882 Knob St,Louisville,OH,12334,SAINT JOSEPH ASSISTED LIVING,INDEPENDENT,ALF,64,51.0,No,No,No,No,,LEGACY,,No
144,21452 Royalton Rd,Strongsville,OH,12673,VITALIA SENIOR RESIDENCES,Arrow Senior Living Management,ALF,125,100.0,No,No,No,No,,NIC-A,,No
144,21452 Royalton Rd,Strongsville,OH,20016,VITALIA SENIOR RESIDENCES AT STRONGSVILLE,Arrow Senior Living Management,ALF,125,100.0,No,No,No,No,,NIC-A,,No
145,2225 Taylor Park Dr,Reynoldsburg,OH,20085,WESLEY RIDGE RETIREMENT COMMUNITY,WESLEY RIDGE,ALF,229,183.0,No,No,No,No,,LEGACY,,No
145,2225 Taylor Park Dr,Reynoldsburg,OH,12697,WESLEY RIDGE,INDEPENDENT,ALF,135,108.0,No,No,No,No,,LEGACY,,No
146,22441 Lake Rd,Rocky River,OH,18421,LAKESIDE ASSISTED LIVING,NORMANDY II LIMITED PARTNERSHIP,ALF,80,64.0,No,No,No,No,,LEGACY,,No
146,22441 Lake Rd,Rocky River,OH,12537,THE NORMANDY SENIOR LIVING,INDEPENDENT,ALF,80,64.0,No,No,No,No,,LEGACY,,No
147,2345 Crocker Rd,Westlake,OH,17797,DEVON OAKS,ELIZA JENNINGS INC,ALF,66,53.0,No,No,No,No,,NIC-B,,No
147,2345 Crocker Rd,Westlake,OH,11675,DEVON OAKS ASSISTED LIVING COMMUNITY,ELIZA JENNINGS INC,ALF,100,80.0,No,No,No,No,,NIC-B,,No
148,2429 William A Diehl Ct,Defiance,OH,18031,GLENNPARK IN DEFIANCE,"Chancellor Senior Management, LTD",ALF,98,78.0,No,No,No,No,,NIC-A,,No
148,2429 William A Diehl Ct,Defiance,OH,11801,GLENNPARK OF DEFIANCE,"Chancellor Senior Management, LTD",ALF,80,64.0,No,No,No,No,,NIC-A,,No
149,25 Noe Bixby Rd,Columbus,OH,12661,VILLAS AT SAINT THERESE,"The Carmelite System, Inc.",ALF,50,40.0,No,No,No,No,,NIC-B,,No
149,25 Noe Bixby Rd,Columbus,OH,19843,THE VILLAS AT ST. THERESE ASSISTED LIVING,"The Carmelite System, Inc.",ALF,50,40.0,No,No,No,No,,NIC-B,,No
150,25900 Euclid Ave,Euclid,OH,11885,HILLTOP VILLAGE APARTMENTS,INDEPENDENT,ALF,206,165.0,No,No,No,No,,LEGACY,,No
150,25900 Euclid Ave,Euclid,OH,18248,HILLTOP VILLAGE ASSISTED LIVING,EUCLID SENIOR LIVING REAL ESTATE LLC,ALF,277,222.0,No,No,No,No,,LEGACY,,No
151,27070 Cedar Rd,Beachwood,OH,12719,WIGGINS PLACE,INDEPENDENT,ALF,228,182.0,No,No,No,No,,LEGACY,,No
151,27070 Cedar Rd,Beachwood,OH,17785,DEER CREEK LODGE,CLEVE CLINIC FOUNDATION,ALF,228,182.0,No,No,No,No,,LEGACY,,No
152,310 Elida Rd,Delphos,OH,19959,VANCREST ASSISTED & INDEPENDENT,VANCREST HEALTH CARE CENTERS,ALF,108,86.0,No,No,No,No,,NIC-B,,No
152,310 Elida Rd,Delphos,OH,12634,VANCREST OF DELPHOS,VANCREST HEALTH CARE CENTERS,ALF,108,86.0,No,No,No,No,,NIC-B,,No
153,3430 Brunswick Lake Pkwy,Brunswick,OH,11660,DANBURY SENIOR LIVING,INDEPENDENT,ALF,133,106.0,No,No,No,No,,LEGACY,,No
153,3430 Brunswick Lake Pkwy,Brunswick,OH,17429,BRUNSWICK DANBURY,Danbury Senior Living,ALF,101,81.0,No,No,No,No,,NIC-A,,No
154,35300 Kaiser Ct,Willoughby,OH,18586,MAPLE RIDGE,EDEN SENIOR CARE,ALF,84,67.0,No,No,No,No,,NIC-A,,No
154,35300 Kaiser Ct,Willoughby,OH,12053,MAPLE RIDGE SENIOR LIVING,EDEN SENIOR CARE,ALF,100,80.0,No,No,No,No,,NIC-A,,No
155,3570 Heritage Club Dr,Hilliard,OH,17474,CARRIAGE COURT OF HILLIARD,Arrow Senior Living Management,ALF,108,86.0,No,No,No,No,,NIC-A,,No
155,3570 Heritage Club Dr,Hilliard,OH,11539,CARRIAGE COURT SENIOR LIVING,Arrow Senior Living Management,ALF,136,109.0,No,No,No,No,,NIC-A,,No
156,3660 Greentree Ave SW,Canton,OH,12489,THE GABLES OF CANTON,INDEPENDENT,ALF,72,58.0,No,No,No,No,,LEGACY,,No
156,3660 Greentree Ave Sw,Canton,OH,17991,GABLES OF CANTON,GREAT CANTON HOLDINGS LLC,ALF,80,64.0,No,No,No,No,,LEGACY,,No
157,3813 Fortuna Dr,Akron,OH,19990,VILLAGE OF ST EDWARD AT GREEN THE,The Village of St. Edward,ALF,118,94.0,No,No,No,No,,NIC-B,,No
157,3813 Fortuna Dr,Akron,OH,12563,THE VILLAGE OF ST EDWARD AT GREEN,The Village of St. Edward,ALF,72,58.0,No,No,No,No,,NIC-B,,No
158,4138 Swanson Blvd,Wooster,OH,12689,WAYNE MANOR ASSISTED LIVING,SPRENGER HEALTH CARE SYSTEMS,ALF,93,74.0,No,No,No,No,,NIC-A,,No
158,4138 Swanson Blvd,Wooster,OH,20060,WAYNE MANOR,SPRENGER HEALTH CARE SYSTEMS,ALF,93,74.0,No,No,No,No,,NIC-A,,No
159,4220 N Holland Sylvania Rd,Toledo,OH,12170,OAKLEAF VILLAGE OF TOLEDO SYLVANIA,Wallick Communities,ALF,223,178.0,No,No,No,No,,NIC-B,,No
159,4220 N Holland Sylvania Rd,Toledo,OH,12500,THE GROVE AT OAKLEAF VILLAGE,Wallick Communities,ALF,223,178.0,No,No,No,No,,NIC-B,,No
160,4301 Woodale Ave SE,Minerva,OH,12337,SAINT LUKE LUTHERAN COMMUNITY MINERVA,St. Luke Lutheran Community,ALF,60,48.0,No,No,No,No,,NIC-B,,No
160,4301 Woodale Ave Se,Minerva,OH,19403,ST LUKE LUTHERAN COMMUNITY-MINERVA,St. Luke Lutheran Community,ALF,60,48.0,No,No,No,No,,NIC-B,,No
161,4590 Knightsbridge Blvd,Columbus,OH,12487,THE FORUM AT KNIGHTSBRIDGE,AlerisLife Inc.,ALF,72,58.0,No,No,No,No,,NIC-A,,No
161,4590 Knightsbridge Blvd,Columbus,OH,17955,FORUM AT KNIGHTSBRIDGE,AlerisLife Inc.,ALF,258,206.0,No,No,No,No,,NIC-A,,No
162,5000 Providence Dr,Sandusky,OH,17632,COMMONS OF PROVIDENCE THE,CHI Living Communities,ALF,112,90.0,No,No,No,No,,NIC-A,,No
162,5000 Providence Dr,Sandusky,OH,12475,THE COMMONS OF PROVIDENCE,CHI Living Communities,ALF,112,90.0,No,No,No,No,,NIC-A,,No
163,5675 Ponderosa Dr,Columbus,OH,20096,WESTERWOOD ASSISTED LIVING,FRIENDSHIP VILLAGE OF COLUMBUS OHIO INC,ALF,104,83.0,No,No,No,No,,LEGACY,,No
163,5675 Ponderosa Dr,Columbus,OH,12706,WESTERWOOD,INDEPENDENT,ALF,63,50.0,No,No,No,No,,LEGACY,,No
164,670 Flat Rock Rd,Bellevue,OH,12201,ORCHARD GROVE ASSISTED LIVING,SABER HEALTHCARE GROUP,ALF,80,64.0,No,No,No,No,,NIC-A,,No
164,670 Flat Rock Rd,Bellevue,OH,18859,ORCHARD GROVE,SABER HEALTHCARE GROUP,ALF,80,64.0,No,No,No,No,,NIC-A,,No
165,7415 Liberty Woods Ln,Dayton,OH,17529,CENTERVILLE PLACE ASSISTED LIVING,PAVILION HEALTHCARE,ALF,108,86.0,No,No,No,No,"Alliance, Own Provider Group",GLR,,No
165,7415 Liberty Woods Ln,Dayton,OH,11992,LIBERTY COMMONS,PAVILION HEALTHCARE,ALF,78,62.0,No,No,No,No,"Alliance, Own Provider Group",GLR,,No
166,745 Northridge Rd,Circleville,OH,12576,THE WYNGATE AT CIRCLEVILLE SENIOR LIVING COMMUNITY,Chancellor Health Partners,ALF,66,53.0,No,No,No,No,,NIC-B,,No
166,745 Northridge Rd,Circleville,OH,20191,WYNGATE AT CIRCLEVILLE,Chancellor Health Partners,ALF,78,62.0,No,No,No,No,,NIC-B,,No
167,7694 County Rd 107,Proctorville,OH,12755,WYNGATE AT PROCTORVILLE SENIOR LIVING COMMUNITY,"Chancellor Senior Management, LTD",ALF,78,62.0,No,No,No,No,,NIC-A,,No
167,7694 County Rd 107,Proctorville,OH,20192,WYNGATE AT RIVERS EDGE THE,"Chancellor Senior Management, LTD",ALF,78,62.0,No,No,No,No,,NIC-A,,No
168,7901 South State Route 48,Maineville,OH,18681,MIMI'S HOUSE ASSISTED LIVING,MIMIS HOUSE OF MAINEVILLE LLC,ALF,16,13.0,No,No,No,No,,LEGACY,,No
168,7901 South State Route 48,Maineville,OH,18682,MIMI'S HOUSE ASSISTED LIVING AND MEMORY CARE,MIMIS HOUSE OF MAINEVILLE LLC,ALF,27,22.0,No,No,No,No,,LEGACY,,No
169,8001 Red Buckeye Dr,Tipp City,OH,18292,HUBER HEIGHTS DANBURY,DANBURY AT CARRIAGE TRAILS LLC,ALF,101,81.0,No,No,No,No,,LEGACY,,No
169,8001 Red Buckeye Dr,Tipp City,OH,11659,DANBURY SENIOR LIVING,INDEPENDENT,ALF,133,106.0,No,No,No,No,,LEGACY,,No
170,8115 Summit Rd,Reynoldsburg,OH,12513,THE INN AT SUMMIT TRAIL,INDEPENDENT,ALF,72,58.0,No,No,No,No,,LEGACY,,No
170,8115 Summit Rd,Reynoldsburg,OH,18325,INN AT SUMMIT TRAIL,INN AT SUMMIT TRAIL LIMITED,ALF,101,81.0,No,No,No,No,,LEGACY,,No
171,850 Sunnyside St Sw,Hartville,OH,18273,HOMESTEAD AT GENTLEBROOK THE,GENTLEBROOK INC,ALF,58,46.0,No,No,No,No,,LEGACY,,No
171,850 Sunnyside St SW,Hartville,OH,12504,THE HOMESTEAD,INDEPENDENT,ALF,72,58.0,No,No,No,No,,LEGACY,,No
172,880 Main St,Wadsworth,OH,19833,THE VILLAGE OF ST. EDWARD AT WADSWORTH,The Village of St. Edward,ALF,98,78.0,No,No,No,No,,NIC-B,,No
172,880 Main St,Wadsworth,OH,12562,THE VILLAGE OF SAINT EDWARD AT WADSWORTH,The Village of St. Edward,ALF,29,23.0,No,No,No,No,,NIC-B,,No
173,939 Portage Rd,Wooster,OH,11661,DANBURY SENIOR LIVING,Danbury Senior Living,ALF,126,101.0,No,No,No,No,,NIC-A,,No
173,939 Portage Rd,Wooster,OH,20182,WOOSTER DANBURY,Danbury Senior Living,ALF,126,101.0,No,No,No,No,,NIC-A,,No
174,9641 State Route 335,Minford,OH,18685,MINFORD RETIREMENT CENTER - ELBROOK,MINFORD RETIREMENT CENTER L,ALF,113,90.0,No,No,No,No,,LEGACY,,No
174,9641 State Route 335,Minford,OH,12103,MINFORD RETIREMENT CENTER,INDEPENDENT,ALF,113,90.0,No,No,No,No,,LEGACY,,No
175,201 Overland Dr,Greenwood,SC,17878,EMERALD GARDENS OF GREENWOOD,PREMIER SENIOR LIVING,ALF,66,53.0,No,No,No,No,,NIC-A,,No
175,201 Overland Dr,Greenwood,SC,13928,EMERALD GARDENS OF GREENWOOD ASSISTED LIVING,PREMIER SENIOR LIVING,ALF,66,53.0,No,No,No,No,,NIC-A,,No
176,400 Webber Rd,Spartanburg,SC,14113,WHITE OAK ESTATES ASSISTED LIVING,NATIONAL HEALTHCARE CORPORATION,ALF,45,36.0,No,No,No,No,,NIC-A,,No
176,400 Webber Rd,Spartanburg,SC,20116,WHITE OAK ESTATES,NATIONAL HEALTHCARE CORPORATION,ALF,232,186.0,No,No,No,No,,NIC-A,,No
177,1900 Lauderdale Dr,Richmond,VA,16041,LAKEWOOD RETIREMENT COMMUNITY,LIFESPIRE OF VIRGINIA,ALF,72,58.0,No,No,No,No,,NIC-B,,No
177,1900 Lauderdale Dr,Richmond,VA,18430,LAKEWOOD,LIFESPIRE OF VIRGINIA,ALF,493,394.0,No,No,No,No,,NIC-B,,No
178,4701 Pretty Lake Ave,Norfolk,VA,17021,ACCLAIM AT EAST BEACH,BRG LITTLE CREEK LLC,ALF,92,74.0,No,No,No,No,,LEGACY,,No
178,4701 Pretty Lake Ave,Norfolk,VA,15820,ACCLAIM AT EAST BEACH / SENIOR LIFESTYLE COMPANY,INDEPENDENT,ALF,72,58.0,No,No,No,No,,LEGACY,,No
