excel_row,facility,corporate_name,address,city,state,ownership_type,do_we_serve,beds,census,data_quality_flag,facility_tags,corporate_tags,all_tags,confidence
4679,CELEBRATION VILLA OF NEWBURGH,PRIORITY LIFE CARE,5311 Rosebud Ln,Newburgh,IN,Corporate,No,89,71,Surrogate_Census,VILLA,,VILLA,MEDIUM
4680,CENTURY VILLA HEALTH,GREENTOWN VOLUNTEER FIRE COMPANY,705 N Meridian St,Greentown,IN,Independent,Yes,97,78,Surrogate_Census,VILLA,,VILLA,MEDIUM
4681,CENTURY VILLA HEALTH CARE,EXCEPTIONAL LIVING CENTERS,705 N Meridian St,Greentown,IN,Corporate,No,84,67,Surrogate_Census,VILLA,,VILLA,MEDIUM
4804,GREENWOOD VILLAGE SOUTH IL,INDEPENDENT,295 Village Ln,Greenwood,IN,Independent,Yes,15,12,"Surrogate_Census, Missing_County",IL_ABBREVIATION,,IL_ABBREVIATION,HIGH
5005,MARQUETTE MANOR IL,LIFECARE,8140 Township Line Rd,Indianapolis,IN,Corporate,Yes,89,71,Surrogate_Census,IL_ABBREVIATION,,IL_ABBREVIATION,HIGH
5188,STORY COTTAGE AT CAREY GROVE,STORY COTTAGE LIVING,13633 Carey Rd,Carmel,IN,Corporate,No,10,8,Surrogate_Census,COTTAGE,COTTAGE,COTTAGE,MEDIUM
5189,STORY COTTAGE BY WILLIAMS CREEK,STORY COTTAGE LIVING,413 E 86Th St,Indianapolis,IN,Corporate,No,8,6,Surrogate_Census,COTTAGE,COTTAGE,COTTAGE,MEDIUM
5190,STORY COTTAGE OF MERIDIAN HILLS,STORY COTTAGE LIVING,7126 Spring Mill Rd,Indianapolis,IN,Corporate,No,8,6,Surrogate_Census,COTTAGE,COTTAGE,COTTAGE,MEDIUM
5191,STORY COTTAGE OF WEST CLAY,STORY COTTAGE LIVING,1840 W Main St,Carmel,IN,Corporate,No,10,8,Surrogate_Census,COTTAGE,COTTAGE,COTTAGE,MEDIUM
5197,SWISS VILLA NURSING AND REHAB,AMERICAN SENIOR COMMUNITIES,1023 W Main St,Vevay,IN,Corporate,Yes,32,26,"Surrogate_Census, Missing_County",VILLA,,VILLA,MEDIUM
5784,CELEBRATION VILLA OF HIGHLAND CROSSING,PRIORITY LIFE CARE,400 Farrell Dr,Fort Wright,KY,Corporate,No,136,109,Surrogate_Census,VILLA,,VILLA,MEDIUM
5785,CELEBRATION VILLA OF SUMMIT HILLS,PRIORITY LIFE CARE,2625 Legends Way,Crestview Hills,KY,Corporate,No,83,66,Surrogate_Census,VILLA,,VILLA,MEDIUM
5904,HEARTLAND VILLA CENTER,BLUEGRASS/ENCORE,8005 US-60,Lewisport,KY,Corporate,Yes,42,34,Surrogate_Census,VILLA,,VILLA,MEDIUM
8916,CENTRAL CONTINUING CARE-SNF/NF,INDEPENDENT,1287 Newsome St,Mount Airy,NC,Independent,Yes,134,107,Surrogate_Census,CCRC,,CCRC,HIGH
9049,CYPRESS GLEN RETIREMENT COMMUNITY MEMORY CARE COTTAGE,"THE UNITED METHODIST RETIREMENT HOMES, INC",100 Hickory St,Greenville,NC,Corporate,No,12,10,Surrogate_Census,COTTAGE,,COTTAGE,MEDIUM
9167,GRAND VILLA ASSISTED LIVING AT WINSTON,INDEPENDENT,2609 Old Salisbury Rd,Winston-Salem,NC,Independent,Yes,49,39,"Surrogate_Census, Check_Bed_Count, Missing_County",VILLA,,VILLA,MEDIUM
9169,GRANDVIEW VILLA ASSISTED LIVING,"GRANDVIEW VILLA ASSISTED LIVING, LLC",2544 Grandview Cir SW,Lenoir,NC,Independent,No,40,32,Surrogate_Census,VILLA,VILLA,VILLA,MEDIUM
9217,HENDERSON'S ASSISTED LIVING,"DOGWOOD VILLAS, INC",74 Lotus Ln,Hendersonville,NC,Independent,No,26,21,Surrogate_Census,,VILLA,VILLA,LOW
9584,RICH SQUARE VILLA,"RV ASSISTED LIVING, LLC",310 N Main St,Rich Square,NC,Corporate,No,38,30,Surrogate_Census,VILLA,,VILLA,MEDIUM
9672,SHULER HEALTH CARE/CRANE VILLA,"STAR CARE NETWORK, INC",250 Pitt St,Kernersville,NC,Corporate,No,12,10,Surrogate_Census,VILLA,,VILLA,MEDIUM
9673,SHULER HEALTH CARE/PHILLIPS VILLA,"STAR CARE NETWORK, INC",250 Pitt St,Kernersville,NC,Corporate,No,12,10,Surrogate_Census,VILLA,,VILLA,MEDIUM
9674,SHULER HEALTH CARE/PIERCE VILLA,"STAR CARE NETWORK, INC",250 Pitt St,Kernersville,NC,Corporate,No,12,10,Surrogate_Census,VILLA,,VILLA,MEDIUM
9675,SHULER HEALTH CARE/RECORD VILLA,"STAR CARE NETWORK, INC",250 Pitt St,Kernersville,NC,Corporate,No,12,10,Surrogate_Census,VILLA,,VILLA,MEDIUM
9676,SHULER HEALTH CARE/STOREY VILLA,"STAR CARE NETWORK, INC",250 Pitt St,Kernersville,NC,Corporate,No,12,10,Surrogate_Census,VILLA,,VILLA,MEDIUM
9696,SPICEWOOD COTTAGES ELMS,"EARL ENTERPRISES, INC",39 Loving Way,Clyde,NC,Corporate,No,17,14,Surrogate_Census,COTTAGE,,COTTAGE,MEDIUM
9697,SPICEWOOD COTTAGES MEADOWS,"EARL ENTERPRISES, INC",59 Loving Way,Clyde,NC,Corporate,No,9,7,Surrogate_Census,COTTAGE,,COTTAGE,MEDIUM
9698,SPICEWOOD COTTAGES OAKS,"EARL ENTERPRISES, INC",67 Loving Way,Clyde,NC,Corporate,No,20,16,Surrogate_Census,COTTAGE,,COTTAGE,MEDIUM
9699,SPICEWOOD COTTAGES WILLOWS,"EARL ENTERPRISES, INC",65 Loving Way,Clyde,NC,Corporate,No,20,16,Surrogate_Census,COTTAGE,,COTTAGE,MEDIUM
9936,TRINITY OAKS CONTINUING CARE RETIREMENT COMMUNITY,"LUTHERAN RETIREMENT CENTER-SALISBURY, INC",728 Klumac Rd,Salisbury,NC,Independent,No,38,30,Surrogate_Census,CCRC,,CCRC,HIGH
10027,WAYNE COUNTY REST VILLA NO. 1,"B & J REST VILLAS, INC",305 Vance St,Fremont,NC,Corporate,No,12,10,Surrogate_Census,VILLA,VILLA,VILLA,MEDIUM
10028,WAYNE COUNTY REST VILLA NO. 2,"B & J REST VILLAS, INC",305 Vance St,Fremont,NC,Corporate,No,12,10,Surrogate_Census,VILLA,VILLA,VILLA,MEDIUM
11815,CCRC I-DOVER APARTMENTS,HOLLAND MANAGEMENT COMPANY,860 Iron Ave,Dover,OH,Corporate,Yes,52,42,"Surrogate_Census, Missing_County",CCRC,,CCRC,HIGH
11816,CCRC I-DOVER NURSING HOME,HOLLAND MANAGEMENT COMPANY,860 Iron Ave,Dover,OH,Corporate,Yes,57,46,Surrogate_Census,CCRC,,CCRC,HIGH
12144,HERITAGE VILLAS,INDEPENDENT,905 Pittsburg Ave NW,North Canton,OH,Independent,No,108,86,Surrogate_Census,VILLA,,VILLA,MEDIUM
12281,LIGHT OF HEARTS VILLA,INDEPENDENT,283 Union St,Bedford,OH,Independent,No,109,87,Surrogate_Census,VILLA,,VILLA,MEDIUM
12620,SAINT BARNABAS VILLA,INDEPENDENT,9234 Olde 8 Rd,Northfield,OH,Independent,No,11,9,Surrogate_Census,VILLA,,VILLA,MEDIUM
12631,SAMARITAN VILLA,INDEPENDENT,809 E Washington St,Medina,OH,Independent,No,26,21,Surrogate_Census,VILLA,,VILLA,MEDIUM
12770,THE COTTAGES OF CLAYTON,INDEPENDENT,8212 N Main St,Dayton,OH,Independent,No,72,58,Surrogate_Beds+Surrogate_Census,COTTAGE,,COTTAGE,MEDIUM
12790,THE GERALDINE SCHOTTENSTEIN COTTAGE,INDEPENDENT,1149 College Ave,Columbus,OH,Independent,No,72,58,Surrogate_Beds+Surrogate_Census,COTTAGE,,COTTAGE,MEDIUM
12859,THE VILLAS AT GLENELLEN,INDEPENDENT,9661 Market St,North Lima,OH,Independent,No,136,109,Surrogate_Census,VILLA,,VILLA,MEDIUM
12946,VILLA AT THE LAKE,INDEPENDENT,48 Parrish Rd,Conneaut,OH,Independent,No,100,80,Surrogate_Census,VILLA,,VILLA,MEDIUM
12956,VILLAS AT SAINT THERESE,INDEPENDENT,25 Noe Bixby Rd,Columbus,OH,Independent,No,50,40,Surrogate_Census,VILLA,,VILLA,MEDIUM
12964,VITALIA ACTIVE ADULT COMMUNITY AT MONTROSE,INDEPENDENT,4041 Heritage Center Dr,Copley,OH,Independent,No,59,47,Surrogate_Census,"ACTIVE_ADULT, ADULT_COMMUNITY",,"ACTIVE_ADULT, ADULT_COMMUNITY",HIGH
12965,VITALIA ACTIVE ADULT COMMUNITY AT NORTH OLMSTED,INDEPENDENT,29801 Lorain Rd,North Olmsted,OH,Independent,No,72,58,Surrogate_Beds+Surrogate_Census,"ACTIVE_ADULT, ADULT_COMMUNITY",,"ACTIVE_ADULT, ADULT_COMMUNITY",HIGH
12966,VITALIA ACTIVE ADULT COMMUNITY AT ROCKSIDE,INDEPENDENT,6100 Lombardo Ctr S,Seven Hills,OH,Independent,No,79,63,Surrogate_Census,"ACTIVE_ADULT, ADULT_COMMUNITY",,"ACTIVE_ADULT, ADULT_COMMUNITY",HIGH
12967,VITALIA ACTIVE ADULT COMMUNITY ROCKSIDE,INDEPENDENT,6140 Lombardo Ctr S,Seven Hills,OH,Independent,No,64,51,Surrogate_Census,"ACTIVE_ADULT, ADULT_COMMUNITY",,"ACTIVE_ADULT, ADULT_COMMUNITY",HIGH
12968,VITALIA SENIOR RESIDENCES,INDEPENDENT,21452 Royalton Rd,Strongsville,OH,Independent,No,125,100,Surrogate_Census,SENIOR_RESIDENCE,,SENIOR_RESIDENCE,MEDIUM
12969,VITALIA SENIOR RESIDENCES AT SOLON,INDEPENDENT,6050 Kruse Dr,Solon,OH,Independent,No,75,60,Surrogate_Census,SENIOR_RESIDENCE,,SENIOR_RESIDENCE,MEDIUM
12970,VITALIA SENIOR RESIDENCES AT WESTLAKE,INDEPENDENT,26695 Center Ridge Rd,Westlake,OH,Independent,No,126,101,Surrogate_Census,SENIOR_RESIDENCE,,SENIOR_RESIDENCE,MEDIUM
16166,BENTLEY COMMONS-IL,KAPLAN DEVELOPMENT,1604 Graves Mill Rd,Lynchburg,VA,Corporate,Yes,4,3,Surrogate_Census,IL_ABBREVIATION,,IL_ABBREVIATION,HIGH
16210,CARRINGTON COTTAGES,HILL VALLEY HEALTHCARE,270 Commons Pkwy,Daleville,VA,Corporate,Yes,14,11,Surrogate_Census,COTTAGE,,COTTAGE,MEDIUM
16290,GLEBE-INDEPENDENT LIVING,LIFESPIRE OF VIRGINIA,200 The Glebe Blvd,Daleville,VA,Corporate,Yes,51,41,Surrogate_Census,INDEPENDENT_LIVING,,INDEPENDENT_LIVING,HIGH
16308,HARMONY ROANOKE - IL,HARMONY SENOR SERVICES,4402 Pheasant Ridge Rd,Roanoke,VA,Corporate,Yes,20,16,Surrogate_Census,IL_ABBREVIATION,,IL_ABBREVIATION,HIGH
16354,KENDAL IL,KENDAL AT LEXINGTON,170 Kendal Dr,Lexington,VA,Corporate,Yes,4,3,Surrogate_Census,IL_ABBREVIATION,,IL_ABBREVIATION,HIGH
16456,RUNK & PRATT LIBERTY RIDGE-IL,RUNK & PRATT,30 Monica Blvd,Lynchburg,VA,Corporate,Yes,3,2,Surrogate_Census,IL_ABBREVIATION,,IL_ABBREVIATION,HIGH
16503,SUNRISE VILLA TUCKAHOE,INDEPENDENT,12401 Gayton Rd,Richmond,VA,Independent,No,72,58,"Surrogate_Beds+Surrogate_Census, Missing_County",VILLA,,VILLA,MEDIUM
16533,THE LODGE AT OLD TRAIL-IL,INDEPENDENT,330 Claremont Ln,Crozet,VA,Independent,Yes,2,2,Surrogate_Census,IL_ABBREVIATION,,IL_ABBREVIATION,HIGH
16539,THE SUMMIT-IL,LIFESPIRE OF VIRGINIA,1400 Enterprise Dr,Lynchburg,VA,Corporate,Yes,13,10,Surrogate_Census,IL_ABBREVIATION,,IL_ABBREVIATION,HIGH
16618,"WOODLAND HILLS INDEPENDENT LIVING, AL & MC",RUI,3365 Ogden Rd,Roanoke,VA,Independent,Yes,37,30,Surrogate_Census,INDEPENDENT_LIVING,,INDEPENDENT_LIVING,HIGH
17341,900 ACQUA SENIOR APARTMENTS,900 ACQUA LLC,945 Legacy Landing,Virginia Beach,VA,Independent,No,433,346,,SENIOR_APARTMENTS,,SENIOR_APARTMENTS,HIGH
17358,ABUNDANT CHRISTIAN LIVING COMMUNITY ASSISTED LIVING CENTER,CCRC REAL ESTATE INVESTORS LLC,2012 Sherwood Drive,Johnson City,TN,Independent,No,276,221,,,CCRC,CCRC,LOW
17360,ACCLAIM AT CARRIAGE HILL,BRG CARRIAGE HILL IL LLC,7000 Coachman Lane,Richmond,VA,Corporate,No,654,523,,,IL_ABBREVIATION,IL_ABBREVIATION,LOW
17369,ADULT LIVING AT ROSEBROOK,ROSEBROOK REALCO LLC,723 S Pike Rd,Sarver,PA,Independent,No,79,63,,ADULT_LIVING,,ADULT_LIVING,HIGH
17518,ASPIRE AT WEST END,BRG CARRIAGE HILL IL LLC,5020 Sulky Drive,Henrico,VA,Corporate,No,148,118,,,IL_ABBREVIATION,IL_ABBREVIATION,LOW
17536,ATTLEBORO COMMUNITY,OXFORD PROPERTY IL LLC,290 E. Winchester Avenue,Langhorne,PA,Independent,No,134,107,,,IL_ABBREVIATION,IL_ABBREVIATION,LOW
17797,BROOKHAVEN AT COUNTY LINE SENIOR APARTMENTS,BROOKHAVEN APARTMENTS,940 Wild Indigo Lane,Indianapolis,IN,Independent,No,415,332,,SENIOR_APARTMENTS,,SENIOR_APARTMENTS,HIGH
17798,BROOKHAVEN RETIREMENT COMMUNITY,BROOKHAVEN VILLAS INC,1 Country Ln,Brookville,OH,Independent,No,343,274,,,VILLA,VILLA,LOW
17799,BROOKLINE COTTAGES,,"Rd #1, Box 463",Mifflintown,PA,Independent,No,48,38,,COTTAGE,,COTTAGE,MEDIUM
17800,BROOKLINE VILLAGE AND COTTAGE SENIOR LIVING,OHI ASSET PA,92 Village Drive,Mifflintown,PA,Independent,No,66,53,,COTTAGE,,COTTAGE,MEDIUM
17881,CARRINGTON COTTAGE MEMORY CARE,270COMMONSPKWY RE LLC,270 Commons Parkways,Daleville,VA,Independent,No,88,70,,COTTAGE,,COTTAGE,MEDIUM
17889,CAVALIER SENIOR APARTMENTS,CAVALIER APARTMENTS II LLC,200 Cavalier Dr,Petersburg,VA,Independent,No,80,64,,SENIOR_APARTMENTS,,SENIOR_APARTMENTS,HIGH
17913,CELEBRATION VILLA OF ALLISON PARK,ALLISON PARK FACILITY,2224 Walters Rd,Allison Park,PA,Independent,No,52,42,,VILLA,,VILLA,MEDIUM
17914,CELEBRATION VILLA OF ALTOONA,BALANCED CARE REALTY AT ALTOONA INC,170 Red Fox Drive,Duncansville,PA,Independent,No,66,53,,VILLA,,VILLA,MEDIUM
17915,CELEBRATION VILLA OF BERWICK,BALANCED CARE REALTY AT BERWICK INC,2050 West Front Street,Berwick,PA,Independent,No,76,61,,VILLA,,VILLA,MEDIUM
17916,CELEBRATION VILLA OF CHIPPEWA,CHIPPEWA NOMINEE,104 Pappan Business Dr,Beaver Falls,PA,Independent,No,60,48,,VILLA,,VILLA,MEDIUM
17917,CELEBRATION VILLA OF DILLSBURG,DILLSBURG NOMINEE,153 Logan Road,Dillsburg,PA,Independent,No,63,50,,VILLA,,VILLA,MEDIUM
17918,CELEBRATION VILLA OF EXETER,BALANCED CARE REALTY AT READING INC,9 Colin Ct,Reading,PA,Independent,No,56,45,,VILLA,,VILLA,MEDIUM
17919,CELEBRATION VILLA OF LAKEMONT FARMS,MLD DELEWARE,3275 Washington Pike,Bridgeville,PA,Independent,No,104,83,,VILLA,,VILLA,MEDIUM
17920,CELEBRATION VILLA OF LEBANON,LEBANON NOMINEE,860 Norman Dr,Lebanon,PA,Independent,No,57,46,,VILLA,,VILLA,MEDIUM
17921,CELEBRATION VILLA OF LEWISBURG,LEWISBURG NOMINEE,2421 Old Turnpike Road,Lewisburg,PA,Independent,No,73,58,,VILLA,,VILLA,MEDIUM
17922,CELEBRATION VILLA OF LOYALSOCK,LOYALSOCK NOMINEE,2985 Four Mile Drive,Montoursville,PA,Independent,No,90,72,,VILLA,,VILLA,MEDIUM
17923,CELEBRATION VILLA OF MID VALLEY,SCAGLIOTTI JOSEPH,67 Sturges Rd,Peckville,PA,Independent,No,32,26,,VILLA,,VILLA,MEDIUM
17924,CELEBRATION VILLA OF NITTANY VALLEY,BALANCED CARE REALTY STATE,150 Farmstead Lane,State College,PA,Independent,No,60,48,,VILLA,,VILLA,MEDIUM
17925,CELEBRATION VILLA OF REEDSVILLE,BALANCED CARE REALTY AT,55 Carriage House Lane,Reedsville,PA,Independent,No,72,58,,VILLA,,VILLA,MEDIUM
17926,CELEBRATION VILLA OF SHIPPENSBURG,BCC SHIPPENSBURG REALTY LLC,129 Walnut Bottom Rd,Shippensburg,PA,Independent,No,58,46,,VILLA,,VILLA,MEDIUM
17927,CELEBRATION VILLA OF SOUTH HILLS,PKR ASSOCIATES,5300 Clairton Blvd,Pittsburgh,PA,Independent,No,98,78,,VILLA,,VILLA,MEDIUM
17928,CELEBRATION VILLA OF YORK,MLD DELAWARE TRUST 4119,2405 Knob Hill Road,York,PA,Independent,No,66,53,,VILLA,,VILLA,MEDIUM
17944,CHANDLER PLACE INDEPENDENT LIVING,WHITEHEAD INVESTMENT PROPERTIES INC,745 Dilworth Ln,Rock Hill,SC,Independent,No,120,96,,INDEPENDENT_LIVING,,INDEPENDENT_LIVING,HIGH
17968,CHAUNCEY POINTE SENIOR APARTMENTS,CAMPUS GARDENS LLC,1005 Chauncey Ln,Bowling Green,OH,Independent,No,64,51,,SENIOR_APARTMENTS,,SENIOR_APARTMENTS,HIGH
17975,CHESTERWOOD VILLAGE,HILLANDALE IL LLC,8073 Tylersville Rd,West Chester,OH,Independent,No,282,226,,,IL_ABBREVIATION,IL_ABBREVIATION,LOW
18038,COLUMBIA COTTAGE - LINGLESTOWN,COLUMBIA COTTAGE LINGLESTOWN LLC,1000 Alexandra Lane,Harrisburg,PA,Corporate,No,76,61,,COTTAGE,COTTAGE,COTTAGE,MEDIUM
18039,COLUMBIA COTTAGE COLLEGEVILLE,COLUMBIA COTTAGE-COLLEGEVILLE LLC,901 E Main St,Collegeville,PA,Independent,No,41,33,,COTTAGE,COTTAGE,COTTAGE,MEDIUM
18040,COLUMBIA COTTAGE HERSHEY,COLUMBIA COTTAGE-HERSHEY LLC,103 N Larkspur Dr,Palmyra,PA,Independent,No,52,42,,COTTAGE,COTTAGE,COTTAGE,MEDIUM
18041,COLUMBIA COTTAGE LINGLESTOWN,COLUMBIA COTTAGE LINGLESTOWN LLC,1000 Alexandra Lane,Linglestown,PA,Corporate,No,74,59,,COTTAGE,COTTAGE,COTTAGE,MEDIUM
18042,COLUMBIA COTTAGE OF HANOVER,COLUMBIA COTTAGE HANOVER LLC,2288 Grandview Road,Hanover,PA,Independent,No,41,33,,COTTAGE,COTTAGE,COTTAGE,MEDIUM
18043,COLUMBIA COTTAGE WYOMISSING,COLUMBIA COTTAGE-WYOMISSING HILLS LLC,3121 State Hill Rd,Reading,PA,Independent,No,40,32,,COTTAGE,COTTAGE,COTTAGE,MEDIUM
18092,CONCORDIA AT VILLA ST. JOSEPH PERSONAL CARE,CONCORDIA LUTHERAN MINISTRIES OF PITTSBURGH,1040 State Street,Baden,PA,Corporate,No,127,102,,VILLA,,VILLA,MEDIUM
18115,COTTAGE AT WEXNER HERITAGE VILLAGE THE,HERITAGE TOWER COLUMBUS LLC,1149 College Avenue,Columbus,OH,Corporate,No,20,16,,COTTAGE,,COTTAGE,MEDIUM
18116,COTTAGES AT GREAT BRIDGE APARTMENTS,LCA CGB,625 Bettes Way,Chesapeake,VA,Independent,No,289,231,,COTTAGE,,COTTAGE,MEDIUM
18119,COTTONWOOD VILLAS,BLUE RIDGE HEALTH INVESTOR LLC,800 W Church St,Bishopville,SC,Independent,No,85,68,,VILLA,,VILLA,MEDIUM
18127,COUNTRY COTTAGE- LAWRENCEBURG,COTTAGES LAWRENCEBURG LLC,469 Weakley Creek Road,Lawrenceburg,TN,Independent,No,29,23,,COTTAGE,COTTAGE,COTTAGE,MEDIUM
18153,COURTYARD AT SEASONS,GA HC REIT II SEASONS CCRC LLC,7100 / 7300 Dearwester Drive,Cincinnati,OH,Independent,No,426,341,,,CCRC,CCRC,LOW
18163,CPHV RCF 917 LLC,LK HERITAGE VILLAS LLC,917 Pittsburg Ave Nw,North Canton,OH,Corporate,No,16,13,,,VILLA,VILLA,LOW
18164,CPHV RCF 919 LLC,LK HERITAGE VILLAS LLC,919 Pittsburg Ave Nw,North Canton,OH,Corporate,No,16,13,,,VILLA,VILLA,LOW
18178,CROMWELL HOUSE SENIOR APARTMENTS - 55+,CROMWELL INVESTORS,114 Cromwell Pkwy,Norfolk,VA,Independent,No,205,164,,"SENIOR_APARTMENTS, AGE_55_PLUS",,"AGE_55_PLUS, SENIOR_APARTMENTS",HIGH
18233,DEVEREUX PA ADULT SERVICES PCH - HILLCREST COTTAGE,DEVEREUX FOUNDATION,229 Leopard Road,Berwyn,PA,Corporate,No,21,17,,COTTAGE,,COTTAGE,MEDIUM
18234,DEVEREUX PA ADULT SERVICES PCH - HILLTOP COTTAGE,DEVEREUX FOUNDATION,237 Leopard Road,Berwyn,PA,Corporate,No,18,14,,COTTAGE,,COTTAGE,MEDIUM
18244,DISCOVERY VILLAGE AT THE WEST END,KAPG RICHMOND SENIOR HOUSING IL LLC,9801 Harmony Woods Way,Richmond,VA,Independent,No,214,171,,,IL_ABBREVIATION,IL_ABBREVIATION,LOW
18365,FAIRFIELD VILLAGE SENIOR APARTMENTS,WELLCLOVER HOLDINGS LLC,520 Patterson Blvd,Fairfield,OH,Independent,No,238,190,,SENIOR_APARTMENTS,,SENIOR_APARTMENTS,HIGH
18373,FAITH FRIENDSHIP VILLA OF MOUNTVILLE,FAITH FRIENDSHIP MINISTRIES,128 West Main Street,Mountville,PA,Independent,No,74,59,,VILLA,,VILLA,MEDIUM
18386,FIELDCHASE SENIOR APARTMENTS,CLOVER COMMUNITIES MIAMI LLC,6350 Todd Farm Ln,Loveland,OH,Independent,No,122,98,,SENIOR_APARTMENTS,,SENIOR_APARTMENTS,HIGH
18471,GARDENS OF SOUTHWEST SENIOR VILLAS APARTMENTS,WINDING INVESTMENTS LLC,3481 Petunia Pl,Fort Wayne,IN,Independent,No,55,44,,VILLA,,VILLA,MEDIUM
18472,GARDENS ON GATEWAY SENIOR APARTMENTS,7357 N GATEWAY CROSSING BLVD L,7357 N Gateway Crossing,Mccordsville,IN,Independent,No,238,190,,SENIOR_APARTMENTS,,SENIOR_APARTMENTS,HIGH
18475,GATEWAY POINTE SENIOR APARTMENTS 55+,GATEWAY POINTE LLC,4 Gateway Dr,Euclid,OH,Independent,No,246,197,,"SENIOR_APARTMENTS, AGE_55_PLUS",,"AGE_55_PLUS, SENIOR_APARTMENTS",HIGH
18503,GLENNS CREEK MANOR SENIOR LIVING 55+ APARTMENTS,GLENNS CREEK MANOR,265 Democrat Dr,Frankfort,KY,Independent,No,80,64,,AGE_55_PLUS,,AGE_55_PLUS,HIGH
18539,GRANDE VILLAGE VILLAS,HENDERSON JEANNE T (TE),2625 East Aurora Road,Twinsburg,OH,Independent,No,108,86,,VILLA,,VILLA,MEDIUM
18601,HARMONY AT AVON,AVON IL-AL INVESTORS LLC,2141 North Dan Jones Road,Avon,IN,Independent,No,186,149,,,IL_ABBREVIATION,IL_ABBREVIATION,LOW
18608,HARMONY AT DIAMOND RIDGE,MOON IL-AL INVESTORS LLC,3301 Market Place Bvld,Moon Township,PA,Independent,No,186,149,,,IL_ABBREVIATION,IL_ABBREVIATION,LOW
18613,HARMONY AT HARBOUR VIEW,SUFFOLK IL AL INVESTORS LLC,5871 Harbour View Blvd,Suffolk,VA,Independent,No,169,135,,,IL_ABBREVIATION,IL_ABBREVIATION,LOW
18614,HARMONY AT HARTS RUN,FOX CHAPEL IL-AL INVESTORS LLC,3450 Harts Run Rd,Glenshaw,PA,Independent,No,192,154,,,IL_ABBREVIATION,IL_ABBREVIATION,LOW
18615,HARMONY AT HERSHEY,HERSHEY IL AL INVESTORS LLC,75 East Canal Street,Hershey,PA,Independent,No,129,103,,,IL_ABBREVIATION,IL_ABBREVIATION,LOW
18617,HARMONY AT INDEPENDENCE,VIRGINIA BEACH IL-AL INVESTORS LLC,2077 S Independence Blvd,Virginia Beach,VA,Independent,No,180,144,,,IL_ABBREVIATION,IL_ABBREVIATION,LOW
18618,HARMONY AT MORNING GROVE,MEMPHIS IL-AL INVESTORS LLC,9525 Us-64,Cordova,TN,Independent,No,196,157,,,IL_ABBREVIATION,IL_ABBREVIATION,LOW
18621,HARMONY AT OAKBROOKE,CHESAPEAKE IL-AL INVESTORS LLC,301 Clearfield Avenue,Chesapeake,VA,Independent,No,183,146,,,IL_ABBREVIATION,IL_ABBREVIATION,LOW
18625,HARMONY AT TUCKER STATION,LOUISVILLE IL AL INVESTORS LLC,12523 Taylorsville Rd,Louisville,KY,Independent,No,183,146,,,IL_ABBREVIATION,IL_ABBREVIATION,LOW
18627,HARMONY AT WESCOTT,CHARLESTON IL-AL INVESTORS LLC,5130 Wescott Blvd,Summerville,SC,Independent,No,184,147,,,IL_ABBREVIATION,IL_ABBREVIATION,LOW
18628,HARMONY AT WEST ASHLEY,WEST ASHLEY IL-AL INVESTORS LLC,1925 Essex Farms Dr,Charleston,SC,Independent,No,184,147,,,IL_ABBREVIATION,IL_ABBREVIATION,LOW
18629,HARMONY AT WEST SHORE,HAMPDEN IL-AL INVESTORS LLC,1910 Technology Parkway,Mechanicsburg,PA,Independent,No,193,154,,,IL_ABBREVIATION,IL_ABBREVIATION,LOW
18630,HARMONY COLLECTION AT COLUMBIA (IL),COLUMBIA IL INVESTORS LLC,2232 Clemson Rd,Columbia,SC,Independent,No,25,20,,IL_ABBREVIATION,IL_ABBREVIATION,IL_ABBREVIATION,HIGH
18760,HOLLY MANOR AL IL OPERATIONS LLC,,2005 Cobb Street,Farmville,VA,Independent,No,120,96,,IL_ABBREVIATION,,IL_ABBREVIATION,HIGH
18783,HORIZON HOMES (55+ COMMUNITY) APARTMENTS,COVERT & HORIZON LLC,1450 Luther Sq,Evansville,IN,Independent,No,148,118,,AGE_55_PLUS,,AGE_55_PLUS,HIGH
18892,KEYSTONE VILLA AT DOUGLASSVILLE PERSONAL CARE,1180 BEN FRANKLIN WAY LLC,1152 Ben Franklin Hwy E,Douglassville,PA,Independent,No,247,198,,VILLA,,VILLA,MEDIUM
18893,KEYSTONE VILLA AT EPHRATA,,100 N State St,Ephrata,PA,Independent,No,139,111,,VILLA,,VILLA,MEDIUM
18894,KEYSTONE VILLA AT FLEETWOOD,501 HOCH ROAD LLC,501 Hoch Rd,Blandon,PA,Independent,No,123,98,,VILLA,,VILLA,MEDIUM
18907,KNICKERBOCKER VILLA,RC KNICKERBOCKER LLC,304 South Second Street,Clearfield,PA,Independent,No,70,56,,VILLA,,VILLA,MEDIUM
18911,LAFAYETTE BICKFORD COTTAGE LLC,SUNRISE INVESTMENTS LLC,3633 Regal Valley Dr,Lafayette,IN,Independent,No,33,26,,COTTAGE,,COTTAGE,MEDIUM
18967,LEAH'S VICTORIAN COTTAGE I,ILGENFRITZ JEROME T,511 Park Avenue,Scottdale,PA,Independent,No,30,24,,COTTAGE,,COTTAGE,MEDIUM
18985,LEGACY PLACE COTTAGES,JAH-JIREH HOMES OF AMERICA-ALLENTOWN,2051 Bevin Dr,Allentown,PA,Independent,No,40,32,,COTTAGE,,COTTAGE,MEDIUM
19086,MANCHESTER LAKES SENIOR APARTMENT HOMES,MANCHESTER LAKES II APARTMENTS,7131 Silver Lake Blvd,Alexandria,VA,Independent,No,256,205,,SENIOR_APARTMENTS,,SENIOR_APARTMENTS,HIGH
19096,MAPLE COTTAGE ASSISTED LIVING,KPM DEVELOPMENT LLC,101 Maple Drive,Hendersonville,TN,Independent,No,16,13,,COTTAGE,,COTTAGE,MEDIUM
19097,MAPLE COTTAGE ASSISTED LIVING TRANSITIONS,MG PROPERTIES LLC,711 Halltown Road,Portland,TN,Independent,No,21,17,,COTTAGE,,COTTAGE,MEDIUM
19183,MERIDIAN HILLS SENIOR APARTMENTS,425 MERIDIAN HILLS DRIVE LLC,425 Meridian Hills Dr,Louisville,KY,Independent,No,244,195,,SENIOR_APARTMENTS,,SENIOR_APARTMENTS,HIGH
19215,MOFFETT MANOR SENIOR APARTMENTS,WARRENTON VOLUNTEER FIRE COMPANY PROPERTIES LC,115 Manor Ct,Warrenton,VA,Independent,No,98,78,,SENIOR_APARTMENTS,,SENIOR_APARTMENTS,HIGH
19289,MYERS APARTMENTS,IL-2200 LLC,27200 Cedar Road *,Beachwood,OH,Independent,No,193,154,,,IL_ABBREVIATION,IL_ABBREVIATION,LOW
19324,NORA COMMONS ON THE MONON SENIOR APARTMENTS,NORA COMMONS,8905 Evergreen Avenue,Indianapolis,IN,Independent,No,272,218,,SENIOR_APARTMENTS,,SENIOR_APARTMENTS,HIGH
19363,OAK HILL SENIOR APARTMENTS,CLOVER COMMUNITIES TAYLOR LLC,512 Oak St,Taylor,PA,Independent,No,226,181,,SENIOR_APARTMENTS,,SENIOR_APARTMENTS,HIGH
19479,PARK PLACE SENIOR APARTMENTS,CENTRUM-MANASSAS PARK LIMITED PARTN,9659 Manassas Dr,Manassas,VA,Independent,No,148,118,,SENIOR_APARTMENTS,,SENIOR_APARTMENTS,HIGH
19488,PARK VISTA RETIREMENT COMMUNITY,PARK VISTA IL PROPERTIES LLC,1216 5th Ave,Youngstown,OH,Independent,No,264,211,,,IL_ABBREVIATION,IL_ABBREVIATION,LOW
19507,PARSONS VILLAGE EAST SENIOR APARTMENTS,CITY OF COLUMBUS OHIO,1833 Parsons Ave,Columbus,OH,Corporate,No,60,48,,SENIOR_APARTMENTS,,SENIOR_APARTMENTS,HIGH
19570,PLAZA TOWERS SENIOR APARTMENTS,HEALTH & EDUCATIONAL FACILITIE,224 Thornwood Dr,Greeneville,TN,Independent,No,114,91,,SENIOR_APARTMENTS,,SENIOR_APARTMENTS,HIGH
19606,PRIME INDEPENDENT LIVING GASTONIA,NEW HOPE BAPTIST CHURCH,2024 Redbud Dr.,Gastonia,NC,Independent,No,145,116,,INDEPENDENT_LIVING,,INDEPENDENT_LIVING,HIGH
19789,ROSE OF SHARON'S SENIOR VILLA,LEE STREET DEVELOPERS LLC,5410 Lee Avenue,Chattanooga,TN,Independent,No,28,22,,VILLA,,VILLA,MEDIUM
19819,SADDLEBROOK SENIOR APARTMENTS,ZCS SADDLEBROOK HOUSING PARTNERS,203 Carver Ln,Lebanon,TN,Independent,No,115,92,,SENIOR_APARTMENTS,,SENIOR_APARTMENTS,HIGH
19833,SAMARITAN VILLA,MEDINA OHIO INVESTORS LIMITED PARTNERSHIP,809 East Washington Street,Medina,OH,Independent,No,30,24,,VILLA,,VILLA,MEDIUM
19863,SEM TERRACE,S E M VILLA II INC,5371 S Milford Rd,Milford,OH,Independent,No,115,92,,,VILLA,VILLA,LOW
19866,SENIOR APARTMENTS,SCHROER PROPERTIES OF CALDWELL INC,40 Summit Court,Caldwell,OH,Corporate,No,34,27,,SENIOR_APARTMENTS,,SENIOR_APARTMENTS,HIGH
19966,SOUTHERN HERITAGE INDEPENDENT LIVING,SCENIC CITY HEALTHCARE OF TENNESSEE LLC,5310 Clemons Rd,Chattanooga,TN,Independent,No,56,45,,INDEPENDENT_LIVING,,INDEPENDENT_LIVING,HIGH
19985,SPRING ARBOR COTTAGE OF FREDERICKSBURG,SPRING ARBOR COTTAGE OF FREDERICKSB,1804 Bragg Road,Fredericksburg,VA,Independent,No,40,32,,COTTAGE,COTTAGE,COTTAGE,MEDIUM
19986,SPRING ARBOR COTTAGE OF SALISBURY,SPRING ARBOR COTTAGE OF SALISBURY VA LANDLORD LLC,14020 Steeplestone Drive,Midlothian,VA,Independent,No,48,38,,COTTAGE,COTTAGE,COTTAGE,MEDIUM
20043,ST. MARY'S VILLA RESIDENCE,PHILLIP KAREN C & CHARMAINE D,One Pioneer Place,Moscow,PA,Independent,No,68,54,,VILLA,,VILLA,MEDIUM
20132,SUSAN'S VICTORIAN COTTAGE,FERRIS KELLY S,111 Hydrangea Lane,Mt. Pleasant,PA,Independent,No,16,13,,COTTAGE,,COTTAGE,MEDIUM
20136,SYCAMORE CREEK SENIOR APARTMENTS,CLOVER COMMUNITIES MIAMISBURG LLC,2125 Maue Rd,Miamisburg,OH,Independent,No,238,190,,SENIOR_APARTMENTS,,SENIOR_APARTMENTS,HIGH
20194,THE ARBORS INDEPENDENT LIVING,ARBOR REAL PROPERTY LP,1100 William Styron Sq S,Newport News,VA,Independent,No,94,75,,INDEPENDENT_LIVING,,INDEPENDENT_LIVING,HIGH
20195,THE ARBORS SENIOR APARTMENTS,ATLANTIC MULTI FAMILY 9 ARBORS LLC,7608 Forest Hill Ave,Richmond,VA,Independent,No,186,149,,SENIOR_APARTMENTS,,SENIOR_APARTMENTS,HIGH
20237,THE COTTAGE OF MASON,COLONIAL SENIOR SVCS TWO LLC,6491 Reading Rd,Mason,OH,Independent,No,41,33,,COTTAGE,,COTTAGE,MEDIUM
20265,THE GABLES AT DRUID HILLS SENIOR APARTMENTS,DRUID HILLS LLC,1125 Kohler Avenue,Charlotte,NC,Independent,No,63,50,,SENIOR_APARTMENTS,,SENIOR_APARTMENTS,HIGH
20288,THE HARMONY AT HANOVER,HANOVER IL INVESTORS LLC,8203 Meadowbridge Road,Mechanicsville,VA,Independent,No,52,42,,,IL_ABBREVIATION,IL_ABBREVIATION,LOW
20291,THE HARMONY COLLECTION AT ROANOKE INDEPENDENT LIVING,PHEASANT RIDGE AL LLC,4428 Pheasant Ridge Road,Roanoke,VA,Independent,No,222,178,,INDEPENDENT_LIVING,,INDEPENDENT_LIVING,HIGH
20309,THE HILL AT WHITEMARSH,WHITEMARSH CONTINUING CARE,4000 Foxhound Dr,Lafayette Hills,PA,Independent,No,371,297,,,CCRC,CCRC,LOW
20312,THE HILLSMAN HOUSE INDEPENDENT LIVING,NHC HEALTHCARE OF TRYON LLC,70 Oak Street,Tryon,NC,Independent,No,170,136,,INDEPENDENT_LIVING,,INDEPENDENT_LIVING,HIGH
20388,THE OAKS OF WELLINGTON - 55 & OLDER SENIOR APARTMENTS,WELLINGTON SENIORS APARTMENT,10240 Hendley Road,Manassas,VA,Independent,No,131,105,,SENIOR_APARTMENTS,,SENIOR_APARTMENTS,HIGH
20477,THE VILLA,EVERGREEN ELDER CARE INC,1201 Museum Rd,Reading,PA,Independent,No,81,65,,VILLA,,VILLA,MEDIUM
20478,THE VILLA AT SUFFIELD MEADOWS,6735 SUFFIELD LANE LTC LLC,6735 Suffield Ln,Warrenton,VA,Independent,No,68,54,,VILLA,,VILLA,MEDIUM
20479,THE VILLA PERSONAL CARE LLC,KASTELIC RICHARD M,429 Napoleon Place,Johnstown,PA,Corporate,No,50,40,,VILLA,,VILLA,MEDIUM
20511,THE VILLAS AT ST. THERESE ASSISTED LIVING,VILLAS AT SAINT THERESE INC,25 Noe Bixby Rd,Columbus,OH,Corporate,No,50,40,,VILLA,VILLA,VILLA,MEDIUM
20534,THE WILLOWS OF EASLEY & ASSISTED & INDEPENDENT LIVING,VTR WILLOWS EASLEY LLC,105 Willow Place,Easley,SC,Independent,No,95,76,,INDEPENDENT_LIVING,,INDEPENDENT_LIVING,HIGH
20539,THE WOODLANDS INDEPENDENT LIVING AT OTTERBEIN SUNSET HOUSE,OLD LADIES HOME,4030 Indian Rd,Ottawa Hills,OH,Corporate,No,65,52,,INDEPENDENT_LIVING,,INDEPENDENT_LIVING,HIGH
20579,TRADITIONS OF HERSHEY INDEPENDENT LIVING,GAHC3 PALMYRA PA ALF LLC,100 N Larkspur Dr,Palmyra,PA,Independent,No,131,105,,INDEPENDENT_LIVING,,INDEPENDENT_LIVING,HIGH
20601,TRINITY OAKS CONTINUING CARE RETIREMENT COMMUNITY,LUTHERAN HOME AT TRINTY OAKS,820 Klumac Rd,Salisbury,NC,Independent,No,345,276,,CCRC,,CCRC,HIGH
20609,TUCKER STATION SENIOR APARTMENTS,1412 TUCKER STATION ROAD LLC,1412 Tucker Station Rd,Louisville,KY,Independent,No,238,190,,SENIOR_APARTMENTS,,SENIOR_APARTMENTS,HIGH
20663,VICTORIAN VILLA,HEALTHCARE MGMT PTNRS,621 East Main Street,Dallastown,PA,Corporate,No,40,32,,VILLA,,VILLA,MEDIUM
20665,VILLA SAINT MARTHA,470 MANOR REALTY LLC,490 Manor Ave,Downingtown,PA,Independent,No,120,96,,VILLA,,VILLA,MEDIUM
20666,VILLA SERENA APARTMENTS,VILLA SERENA AFFORDABLE HOUSING,"6800 Mayfield Road,",Mayfield Heights,OH,Independent,No,239,191,,VILLA,VILLA,VILLA,MEDIUM
20680,VILLAS AT ST. THERESE & MOTHER ANGELINE MCCRORY MANOR,VILLAS AT SAINT THERESE INC,5253 E Broad St,Columbus,OH,Corporate,No,268,214,,VILLA,VILLA,VILLA,MEDIUM
20681,"VILLAS OF HOLLY BROOK INDIANA, LLC",RHC INVESTMENTS LLC,1941 W Us Highway 40,Brazil,IN,Independent,No,93,74,,VILLA,,VILLA,MEDIUM
20684,VINCENTIAN VILLA RETIREMENT COMMUNITY,NAZARETH LITERARY & BENEVOLENT INSTITUTION CORP,911 Vincent Way,Pittsburgh,PA,Independent,No,279,223,,VILLA,,VILLA,MEDIUM
20695,"VIRGINIAN, THE",SABRA IL HOLDINGS LLC,300 Twinridge Ln,North Chester,VA,Corporate,No,118,94,,,IL_ABBREVIATION,IL_ABBREVIATION,LOW
20699,VITA OF NEW WHITELAND,VITA OF NEW WHITELAND IL LLC,535 Country Gate Drive,New Whiteland,IN,Independent,No,242,194,,,IL_ABBREVIATION,IL_ABBREVIATION,LOW
20701,VITALIA ACTIVE ADULT COMMUNITY AT NORTH ROYALTON,OMNI SLF NORTH ROYALTON LLC,8179 York Road,North Royalton,OH,Corporate,No,79,63,,"ACTIVE_ADULT, ADULT_COMMUNITY",,"ACTIVE_ADULT, ADULT_COMMUNITY",HIGH
20702,VITALIA ACTIVE ADULT COMMUNITY AT ROCKSIDE (SEVEN HILLS),OMNI SLF SEVEN HILLS LLC,6100 Lombardo Center South,Seven Hills,OH,Independent,No,174,139,,"ACTIVE_ADULT, ADULT_COMMUNITY",,"ACTIVE_ADULT, ADULT_COMMUNITY",HIGH
20705,VITALIA SENIOR RESIDENCE AT NORTH ROYALTON,OMNI SLF NORTH ROYALTON LLC,8281 York Road,North Royalton,OH,Corporate,No,171,137,,SENIOR_RESIDENCE,,SENIOR_RESIDENCE,MEDIUM
20706,VITALIA SENIOR RESIDENCES AT STRONGSVILLE,OH STRONGSVILLE ROYALTON RD LL,21452 Royalton Road,Strongsville,OH,Independent,No,125,100,,SENIOR_RESIDENCE,,SENIOR_RESIDENCE,MEDIUM
20733,WALNUT RUN SENIOR VILLAS APARTMENTS,VILLAS OF CORTLAND CREEK,105 Sunshine Ave,Cortland,OH,Independent,No,40,32,,VILLA,VILLA,VILLA,MEDIUM
20823,WESTWOOD PLACE SENIOR APARTMENTS,STRONGSVILLE SENIOR ASSOCIATES LIMITED PARTNERSHIP,18800 Westwood Drive,Strongsville,OH,Independent,No,148,118,,SENIOR_APARTMENTS,,SENIOR_APARTMENTS,HIGH
20873,WINDLANDS SOUTH,SABRA IL HOLDINGS LLC,3800 Sam Boney Dr,Nashville,TN,Corporate,No,181,145,,,IL_ABBREVIATION,IL_ABBREVIATION,LOW
20895,WOODCREST VILLA BY TANDEM LIVING,MENNONITE HOME,2001 Harrisburg Pike,Lancaster,PA,Independent,No,902,722,,VILLA,,VILLA,MEDIUM
20922,YELLOWWOOD TERRACE AFFORDABLE SENIOR HOUSING APARTMENTS,VILLA GREENTREE INC,2100 Greentree North,Clarksville,IN,Independent,No,202,162,,,VILLA,VILLA,LOW
20957,Abridge Care Cottage Of Chilton,Abridge Care Concept,323 Field Lane,Chilton,WI,Corporate,No,25,20,,COTTAGE,,COTTAGE,MEDIUM
20958,Abridge Care Cottage Of Kewaunee,Abridge Care Concept,1100 Baumeister Dr,Kewaunee,WI,Corporate,No,20,16,,COTTAGE,,COTTAGE,MEDIUM
20998,Addolorata Villa (assisted Lvg),Franciscan Advisory Services,553 Mchenry Rd,Wheeling,IL,Corporate,No,61,49,,VILLA,,VILLA,MEDIUM
21092,American House East I and  Villas,American House Senior Living Communities,17255 Common Rd,Roseville,MI,Corporate,No,45,36,,VILLA,,VILLA,MEDIUM
21097,American House Grosse Pointe Cottage,American House Senior Living Communities,159 Kercheval Ave,Grosse Pointe Farms,MI,Corporate,No,44,35,,COTTAGE,,COTTAGE,MEDIUM
21098,American House Grosse Pointe Cottage,American House Senior Living Communities,161 Kercheval Ave,Grosse Pointe Farms,MI,Corporate,No,77,62,,COTTAGE,,COTTAGE,MEDIUM
21172,"Ansley Court & Cottage Oviedo, LLC",Senior Living Management Corporation,355 Alafaya Woods Blvd,Oviedo,FL,Corporate,No,26,21,,COTTAGE,,COTTAGE,MEDIUM
21183,Apple Valley Villa,CASSIA,14610 Garrett Avenue,Apple Valley,MN,Corporate,No,230,184,,VILLA,,VILLA,MEDIUM
21312,Ashland Villa - Assisted Living By Americare,AMERICARE SENIOR LIVING,301 South Henry Clay Blvd,Ashland,MO,Corporate,No,72,58,,VILLA,,VILLA,MEDIUM
21360,Atlas Villas Memory Care,unknown,1825 Main Street,Centerville,MN,Corporate,No,20,16,,VILLA,,VILLA,MEDIUM
21386,Autumn Cottages,Vivie,812 Mckay Avenue South,Alexandria,MN,Corporate,No,20,16,,COTTAGE,,COTTAGE,MEDIUM
21389,Autumn Fields Adult Community,Autumn Fields Adult Community,325 E. Orange St.,Hoopeston,IL,Corporate,No,51,41,,ADULT_COMMUNITY,ADULT_COMMUNITY,ADULT_COMMUNITY,HIGH
21390,Autumn Fields Of Savoy,Autumn Fields Adult Community,65 East Airport Road,Savoy,IL,Corporate,No,46,37,,,ADULT_COMMUNITY,ADULT_COMMUNITY,LOW
21391,Autumn Fields Of Tilton,Autumn Fields Adult Community,316 E 14th St,Tilton,IL,Corporate,No,48,38,,,ADULT_COMMUNITY,ADULT_COMMUNITY,LOW
21428,Aviata At Lakeside Oaks Villas,Independence Living Centers,1059 Virginia St,Dunedin,FL,Independent,No,24,19,,VILLA,,VILLA,MEDIUM
21430,Avonlea Cottage #1/quad Cities,United Resource Management LLC,2021 E 1st St,Milan,IL,Corporate,No,30,24,,COTTAGE,,COTTAGE,MEDIUM
21431,Avonlea Cottage #2/quad Cities,United Resource Management LLC,2025 E 1st St,Milan,IL,Corporate,No,16,13,,COTTAGE,,COTTAGE,MEDIUM
21432,Avonlea Cottage-sterling,United Resource Management LLC,2201 E Lefevre Rd,Sterling,IL,Corporate,No,30,24,,COTTAGE,,COTTAGE,MEDIUM
21461,Bamboo Villas Assisted Living Facility LLC,"Bamboo Villas Assisted Living Facility, LLC",2730 W Wilder Ave,Tampa,FL,Independent,No,24,19,,VILLA,VILLA,VILLA,MEDIUM
21478,Barton Senior Residences Of Chicago,"Barton Zion, LLC",1245 South Wood,Chicago,IL,Independent,No,139,111,,SENIOR_RESIDENCE,,SENIOR_RESIDENCE,MEDIUM
21479,Barton Senior Residences Of Zion,Bethel New Life,3500 Sheridan Road,Zion,IL,Independent,No,130,104,,SENIOR_RESIDENCE,,SENIOR_RESIDENCE,MEDIUM
21481,Battle Creek Bickford Cottage,BICKFORD SENIOR LIVING,3432 Capital Avenue,Battle Creek,MI,Corporate,No,55,44,,COTTAGE,,COTTAGE,MEDIUM
21569,Benedictine Villa Assisted Living,Benedictine,2904 East Avenue South,Lacrosse,WI,Corporate,No,45,36,,VILLA,,VILLA,MEDIUM
21613,Bickford - Champaign Cottage,BICKFORD SENIOR LIVING,1002 S Staley Rd,Champaign,IL,Corporate,No,44,35,,COTTAGE,,COTTAGE,MEDIUM
21614,Bickford - Macomb Cottage,BICKFORD SENIOR LIVING,1600 Maple Ave,Macomb,IL,Corporate,No,28,22,,COTTAGE,,COTTAGE,MEDIUM
21615,Bickford - Moline Cottage,BICKFORD SENIOR LIVING,3650 41st St,Moline,IL,Corporate,No,28,22,,COTTAGE,,COTTAGE,MEDIUM
21616,Bickford - Quincy Cottage,BICKFORD SENIOR LIVING,4221 Maine,Quincy,IL,Corporate,No,46,37,,COTTAGE,,COTTAGE,MEDIUM
21631,Birch Cottage I,unknown,13326 N. Boulevard St.,Vicksburg,MI,Corporate,No,40,32,,COTTAGE,,COTTAGE,MEDIUM
21641,Birchwood Cottages,Birchwood Cottages,1845 Austin Road,Owatonna,MN,Corporate,No,32,26,,COTTAGE,COTTAGE,COTTAGE,MEDIUM
21642,Birchwood Cottages,Birchwood Cottages,1630 Lor Ray Drive,North Mankato,MN,Corporate,No,32,26,,COTTAGE,COTTAGE,COTTAGE,MEDIUM
21643,Birchwood Cottages,Birchwood Cottages,1905 Austin Road,Owatonna,MN,Corporate,No,32,26,,COTTAGE,COTTAGE,COTTAGE,MEDIUM
21645,Bishop Grady Villas,Diocease of Orlando,401 Bishop Grady Ct,Saint Cloud,FL,Independent,No,48,38,,VILLA,,VILLA,MEDIUM
21647,Black Hawk Senior Residence,unknown,1 Milwaukee Ave West,Fort Atkinson,WI,Corporate,No,38,30,,SENIOR_RESIDENCE,,SENIOR_RESIDENCE,MEDIUM
21648,Blackshear Retirement Villas,Brickmont Assisted Living,1110 Blackshear Road,Cordele,GA,Corporate,No,24,19,,VILLA,,VILLA,MEDIUM
22017,Carefree Cottages Of Maplewood,Carefree Cottages of Maplewood,1801 Gervais Avenue,Maplewood,MN,Independent,No,135,108,,COTTAGE,COTTAGE,COTTAGE,MEDIUM
22082,Cedar Hill Assisted Living & Senior Housing,Cedarhillassistedliving/Senior Apartments,1059 Us Hwy 2/41,Bark River,MI,Independent,No,20,16,,,SENIOR_APARTMENTS,SENIOR_APARTMENTS,LOW
22125,Celebration Villa of Manresa,PRIORITY LIFE CARE,85 Manresa Dr,Annapolis,MD,Corporate,No,73,58,,VILLA,,VILLA,MEDIUM
22213,Chesapeake Cottage Assisted Living,Chesapeake Cottage,6625 Whitesburg Road,Snow Hill,MD,Independent,No,16,13,,COTTAGE,COTTAGE,COTTAGE,MEDIUM
22283,Collington Continuing Care Retirement Community,KENDAL,10450 Lottsford Rd,Mitchellville,MD,Corporate,No,65,52,,CCRC,,CCRC,HIGH
22296,Comfort Care Cottages,unknown,1232 Jefferson Street South,Wadena,MN,Corporate,No,21,17,,COTTAGE,,COTTAGE,MEDIUM
22326,Copper Creek Cottages #1 - Lincoln,Copper Creek Cottages,203 Stahlhut Dr,Lincoln,IL,Corporate,No,30,24,,COTTAGE,COTTAGE,COTTAGE,MEDIUM
22327,Copper Creek Cottages #2 - Litchfield,Copper Creek Cottages,1007 E Columbia St,Litchfield,IL,Corporate,No,30,24,,COTTAGE,COTTAGE,COTTAGE,MEDIUM
22328,Copper Creek Cottages #3 - Mattoon,Copper Creek Cottages,920 Country Club Road,Mattoon,IL,Corporate,No,30,24,,COTTAGE,COTTAGE,COTTAGE,MEDIUM
22338,Coral Plaza by RSR,RSR Senior Residences LLC,5850 Margate Blvd,Margate,FL,Corporate,No,100,80,,,SENIOR_RESIDENCE,SENIOR_RESIDENCE,LOW
22350,"Cottage At Century Pines, The",unknown,707 East Mccracken Road,Ozark,MO,Corporate,No,24,19,,COTTAGE,,COTTAGE,MEDIUM
22351,Cottage Care Circle,Cottage Care Circle,320 Attewell Street,Mauston,WI,Independent,No,16,13,,COTTAGE,COTTAGE,COTTAGE,MEDIUM
22352,Cottage Grove Wp II LLC,White Pine Senior Living,6950 East Point Douglas Road S,Cottage Grove,MN,Corporate,No,44,35,,COTTAGE,,COTTAGE,MEDIUM
22353,Cottages At Cedar Run The,Cedar Community,6090 Scenic Dr,West Bend,WI,Corporate,No,66,53,,COTTAGE,,COTTAGE,MEDIUM
22354,Cottages At Fox Lake (the),The Cottages of Fox Lake,"16,18,20,22 Lilac Ave",Fox Lake,IL,Independent,No,64,51,,COTTAGE,COTTAGE,COTTAGE,MEDIUM
22355,Cottages At Lake Park (the),The Cottages Care,2006 Lake Park Drive,Marinette,WI,Corporate,No,70,56,,COTTAGE,COTTAGE,COTTAGE,MEDIUM
22356,Cottages At Meadowlands (the),The Cottages Care,751 E Highland Dr,Oconto Falls,WI,Corporate,No,25,20,,COTTAGE,COTTAGE,COTTAGE,MEDIUM
22357,Cottages At Meadowlands Memory Care The,The Cottages Care,747 E Highland Dr,Oconto Falls,WI,Corporate,No,20,16,,COTTAGE,COTTAGE,COTTAGE,MEDIUM
22358,Cottages Memory Care The,The Cottages Care,113 Madison Way,Shawano,WI,Corporate,No,24,19,,COTTAGE,COTTAGE,COTTAGE,MEDIUM
22359,Cottages of Madison,North Oak Senior Living,5555 Burke Rd,Madison,WI,Corporate,No,48,38,,COTTAGE,,COTTAGE,MEDIUM
22360,Cottages Of Madison Applewood,North Oak Senior Living,5565 Burke Rd,Madison,WI,Corporate,No,16,13,,COTTAGE,,COTTAGE,MEDIUM
22361,Cottages Of Madison Elmwood,North Oak Senior Living,5575 Burke Rd,Madison,WI,Corporate,No,16,13,,COTTAGE,,COTTAGE,MEDIUM
22362,"Cottages Of New Lenox, Cottage #2",CHARTER SENIOR LIVING,1025 S Cedar Rd,New Lenox,IL,Corporate,No,16,13,,COTTAGE,,COTTAGE,MEDIUM
22363,"Cottages Of New Lenox, Cottage #3",unknown,1027 S Cedar Rd,New Lenox,IL,Corporate,No,16,13,,COTTAGE,,COTTAGE,MEDIUM
22364,"Cottages Of New Lenox, Cottage #4",unknown,1029 S Cedar Rd,New Lenox,IL,Corporate,No,16,13,,COTTAGE,,COTTAGE,MEDIUM
22365,"Cottages Of New Lenox, Cottage #5",CHARTER SENIOR LIVING,1031 S Cedar Rd,New Lenox,IL,Corporate,No,16,13,,COTTAGE,,COTTAGE,MEDIUM
22366,Cottages of Perry Hall,CHARTER SENIOR LIVING,9900 Walther Blvd,Parkville,MD,Corporate,No,64,51,,COTTAGE,,COTTAGE,MEDIUM
22367,Cottages On Golden Pond The,The Cottages Care,103 Madison Way,Shawano,WI,Corporate,No,33,26,,COTTAGE,COTTAGE,COTTAGE,MEDIUM
22400,Country Villa Assisted Living,Country Villa Assisted Living,1415 West Main Street,Little Chute,WI,Corporate,No,91,73,,VILLA,VILLA,VILLA,MEDIUM
22401,Country Villa Assisted Living,Country Villa Assisted Living,1900 Huckleberry Ave,Omro,WI,Corporate,No,76,61,,VILLA,VILLA,VILLA,MEDIUM
22402,Country Villa Assisted Living 1 Inc,Country Villa Assisted Living,N3782 Country Villa Way,Freedom,WI,Corporate,No,38,30,,VILLA,VILLA,VILLA,MEDIUM
22403,Country Villa Assisted Living 2 Inc,Country Villa Assisted Living,N3779 Country Villa Way,Freedom,WI,Corporate,No,38,30,,VILLA,VILLA,VILLA,MEDIUM
22404,Country Villa Assisted Living Pulaski,Country Villa Assisted Living,830 Crest Dr,Pulaski,WI,Corporate,No,38,30,,VILLA,VILLA,VILLA,MEDIUM
22508,Deerwood Crossing Senior Residence,JFS Housing,4195 W Bradley Rd,Brown Deer,WI,Independent,No,66,53,,SENIOR_RESIDENCE,,SENIOR_RESIDENCE,MEDIUM
22513,"Delmar Villa, LLC",Delmar Assisted living,31091 East Line Road,Delmar,MD,Corporate,No,16,13,,VILLA,,VILLA,MEDIUM
22666,Elder Care Cottages,Elder Care Cottage,7711 Big Bend Rd,Waterford,WI,Independent,No,60,48,,COTTAGE,COTTAGE,COTTAGE,MEDIUM
22809,Forest Ridge Caring Community Senior Residence,Wimmer Communities,11077 W Forest Home Ave,Hales Corners,WI,Independent,No,379,303,,SENIOR_RESIDENCE,,SENIOR_RESIDENCE,MEDIUM
22858,Gabriels Villa,Miravida Living,215 N Westfield St,Oshkosh,WI,Independent,No,39,31,,VILLA,,VILLA,MEDIUM
22872,Garden Villas,DELMAR GARDENS,13590 S Outer 40 Rd,Chesterfield,MO,Corporate,No,43,34,,VILLA,,VILLA,MEDIUM
22873,Garden Villas Of O'fallon,DELMAR GARDENS,7092 South Outer 364 Road,O'fallon,MO,Corporate,No,95,76,,VILLA,,VILLA,MEDIUM
22972,Good Shepherd Cottages,The Good Shepherd Community,307 11th Street North,Sauk Rapids,MN,Corporate,No,36,29,,COTTAGE,,COTTAGE,MEDIUM
23000,Gran Villas Neosho,"MEDICALODGES, INC.",420 Lyon Dr,Neosho,MO,Corporate,No,30,24,,VILLA,,VILLA,MEDIUM
23023,Grand Villa of  Lakeland,Senior Management Advisors,2111 Lakeland Hills Blvd,Lakeland,FL,Corporate,No,65,52,,VILLA,,VILLA,MEDIUM
23024,Grand Villa of Altamonte Springs,Senior Management Advisors,433 Orange Dr,Altamonte Spg,FL,Corporate,No,121,97,,VILLA,,VILLA,MEDIUM
23025,Grand Villa of Boynton Beach,Senior Management Advisors,1935 Federal Hwy,Boynton Beach,FL,Corporate,No,108,86,,VILLA,,VILLA,MEDIUM
23026,Grand Villa of Clearwater,Senior Management Advisors,2750 Drew St,Clearwater,FL,Corporate,No,126,101,,VILLA,,VILLA,MEDIUM
23027,Grand Villa of Deerfield Beach,Senior Management Advisors,1050 SW 24th Ave,Deerfield Beach,FL,Corporate,No,110,88,,VILLA,,VILLA,MEDIUM
23028,Grand Villa of DeLand,Senior Management Advisors,350 E International Speedway Blvd,Deland,FL,Corporate,No,111,89,,VILLA,,VILLA,MEDIUM
23029,Grand Villa of Delray East,Senior Management Advisors,14555 Sims Rd,Delray Beach,FL,Corporate,No,157,126,,VILLA,,VILLA,MEDIUM
23030,Grand Villa of Englewood,Senior Management Advisors,925 S River Rd,Englewood,FL,Corporate,No,30,24,,VILLA,,VILLA,MEDIUM
23031,Grand Villa of New Port Richey,Senior Management Advisors,6120 Congress St,New Port Richey,FL,Corporate,No,106,85,,VILLA,,VILLA,MEDIUM
23032,Grand Villa of Ormond,Senior Management Advisors,535 N Nova Rd,Ormond Beach,FL,Corporate,No,82,66,,VILLA,,VILLA,MEDIUM
23033,Grand Villa of Palm Coast,Senior Management Advisors,100 Magnolia Trace Way,Palm Coast,FL,Corporate,No,46,37,,VILLA,,VILLA,MEDIUM
23034,Grand Villa of Port Charlotte,Grand Villa Senior Living Community,2500 Aaron St,Port Charlotte,FL,Independent,No,75,60,,VILLA,VILLA,VILLA,MEDIUM
23035,Grand Villa of Sarasota,Senior Management Advisors,730 S Osprey Ave,Sarasota,FL,Corporate,No,95,76,,VILLA,,VILLA,MEDIUM
23043,Grandhaven Living Center 5 (cottage),STORYPOINT,3165 W. Mount Hope Avenue,Lansing,MI,Corporate,No,20,16,,COTTAGE,,COTTAGE,MEDIUM
23271,"Henley Place Of Neosho, A Senior Residence By Americare",AMERICARE SENIOR LIVING,1105 Village Rd,Neosho,MO,Corporate,No,50,40,,SENIOR_RESIDENCE,,SENIOR_RESIDENCE,MEDIUM
23280,Heritage Cottage On 6th,ECUMEN,611 West 6th Street,Park Rapids,MN,Corporate,No,48,38,,COTTAGE,,COTTAGE,MEDIUM
23496,Ivy Cottage,Presbyterian Villages of Michigan,32151 Cherry Hill Road,Westland,MI,Corporate,No,20,16,,COTTAGE,,COTTAGE,MEDIUM
23502,Ivy Springs Retirement Cottage,unknown,1408 Spring Street,Smyrna,GA,Corporate,No,18,14,,COTTAGE,,COTTAGE,MEDIUM
23523,John-wesley Villas,HMP Senior Solutions,5471 Thomaston Road,Macon,GA,Independent,No,160,128,,VILLA,,VILLA,MEDIUM
23560,Kinbridge At Oviedo LLC,"Memory Lane Cottage, LLC",450 Oviedo Blvd,Oviedo,FL,Corporate,No,20,16,,,COTTAGE,COTTAGE,LOW
23562,Kindredhearts Of Cottage Grove,Kindered Hearts Senior Living,505 West Lawn Dr,Cottage Grove,WI,Corporate,No,20,16,,COTTAGE,,COTTAGE,MEDIUM
23563,KindredHearts of Cottage Grove,KindredHearts Assisted Living,325 W Cottage Grove Rd,Cottage Grove,WI,Independent,No,33,26,,COTTAGE,,COTTAGE,MEDIUM
23603,Lake Pointe Villa Assisted Living,Lakepoint Villa Assisted Living,190 Lake Pointe Drive,Oshkosh,WI,Independent,No,20,16,,VILLA,VILLA,VILLA,MEDIUM
23636,Lakeside Villa Business LLC,"Lakeside Villa, LLC",804 N Lake Ave,Phillips,WI,Independent,No,20,16,,VILLA,VILLA,VILLA,MEDIUM
23657,Landmark Villa Alf,unknown,1101 Ozark Ave,Cabool,MO,Corporate,No,44,35,,VILLA,,VILLA,MEDIUM
23692,Lenox on the Lake by RSR,RSR Senior Residences LLC,6700 W Commercial Blvd,Lauderhill,FL,Corporate,No,133,106,,,SENIOR_RESIDENCE,SENIOR_RESIDENCE,LOW
23810,Majestic Memory Care by RSR,RSR Senior Residences LLC,1200 Arthur St,Hollywood,FL,Corporate,No,64,51,,,SENIOR_RESIDENCE,SENIOR_RESIDENCE,LOW
23855,Maple Woods Cottage,Resthaven,740 College Avenue,Holland,MI,Independent,No,27,22,,COTTAGE,,COTTAGE,MEDIUM
23862,Maplewood Villa Llc Cbrf,unknown,9343 State Hwy 101,Armstrong Creek,WI,Corporate,No,16,13,,VILLA,,VILLA,MEDIUM
23907,McFarland Villa,"The Pennant Group, Inc.",5206 Paulson Rd,McFarland,WI,Corporate,No,30,24,,VILLA,,VILLA,MEDIUM
23946,Memory Lane Cottage,"Memory Lane Cottage, LLC",5175 Cypress Preserve Dr,Tampa,FL,Corporate,No,20,16,,COTTAGE,COTTAGE,COTTAGE,MEDIUM
23960,Midland Bickford Cottage,BICKFORD SENIOR LIVING,101 Joseph Dr,Midland,MI,Corporate,No,71,57,,COTTAGE,,COTTAGE,MEDIUM
24223,Oaks At Gracemont,Villa Palazzo,4940 Jot Em Down Road,Cumming,GA,Independent,No,86,69,,,VILLA,VILLA,LOW
24257,"Olympia Fields, Sunrise Villa","SUNRISE SENIOR LIVING MANAGEMENT, INC",3633 Breakers Dr,Olympia Fields,IL,Corporate,No,42,34,,VILLA,,VILLA,MEDIUM
24331,Palm Cottages,Palm Cottages,3821 Sunnyside Ct,Rockledge,FL,Independent,No,96,77,,COTTAGE,COTTAGE,COTTAGE,MEDIUM
24406,Peoria Bickford Cottage,BICKFORD SENIOR LIVING,2000 W Willow Knolls Dr,Peoria,IL,Corporate,No,32,26,,COTTAGE,,COTTAGE,MEDIUM
24435,Pine Villa Memory Care,ElderSpan Management LLC,890 Prairie Street,Prairie Du Sac,WI,Corporate,No,19,15,,VILLA,,VILLA,MEDIUM
24442,Pineview Cottage,Pineview Cottage,3498 Harbor-petoskey Rd,Harbor Springs,MI,Independent,No,40,32,,COTTAGE,COTTAGE,COTTAGE,MEDIUM
24443,Pinewood Retirement Villa,Riverwood Senior Living,511 West 10th Street,Rome,GA,Independent,No,39,31,,VILLA,,VILLA,MEDIUM
24449,Pioneercare Memory Cottages,PioneerCare,1317 South Mabelle Avenue,Fergus Falls,MN,Independent,No,52,42,,COTTAGE,,COTTAGE,MEDIUM
24479,Portage Bickford Cottage,BICKFORD SENIOR LIVING,4707 W. Milham Ave.,Portage,MI,Corporate,No,71,57,,COTTAGE,,COTTAGE,MEDIUM
24488,Prairie Cottages Of Albert Lea,"Prairie Senior Cottages, LLC",1602 Fountain Street,Albert Lea,MN,Corporate,No,26,21,,COTTAGE,COTTAGE,COTTAGE,MEDIUM
24489,Prairie Cottages Of Owatonna,JAYBIRD SENIOR LIVING,150 24th Street Ne,Owatonna,MN,Corporate,No,52,42,,COTTAGE,,COTTAGE,MEDIUM
24510,Prairie Senior Cottages Of Hut,"Prairie Senior Cottages, LLC",1310 Bradford Street Se,Hutchinson,MN,Corporate,No,20,16,,COTTAGE,COTTAGE,COTTAGE,MEDIUM
24511,Prairie Senior Cottages Of Isa,"Prairie Senior Cottages, LLC",706 6th Avenue Ne,Isanti,MN,Corporate,No,58,46,,COTTAGE,COTTAGE,COTTAGE,MEDIUM
24512,Prairie Senior Cottages Of New,"Prairie Senior Cottages, LLC",113 South Ash Street,New Richland,MN,Corporate,No,18,14,,COTTAGE,COTTAGE,COTTAGE,MEDIUM
24513,Prairie Senior Cottages Of New,"Prairie Senior Cottages, LLC",1304 Birchwood Drive,New Ulm,MN,Corporate,No,20,16,,COTTAGE,COTTAGE,COTTAGE,MEDIUM
24514,Prairie Senior Cottages Of Wil,unknown,1701 19th Avenue Sw,Willmar,MN,Corporate,No,20,16,,COTTAGE,,COTTAGE,MEDIUM
24534,Prestige Way #1 (cedar Cottage),Homestead Home Health Care Services,4300 Keller Road,Holt,MI,Corporate,No,40,32,,COTTAGE,,COTTAGE,MEDIUM
24559,Providence Villa LLC,unknown,200 Minnesota Avenue East,Sebeka,MN,Corporate,No,16,13,,VILLA,,VILLA,MEDIUM
24611,Reflections Memory Care - Chatham,Villas of Hollybrook,401 N Park Avenue,Chatham,IL,Corporate,No,32,26,,,VILLA,VILLA,LOW
24612,Reflections Memory Care - Herrin,Villas of Hollybrook,517 Rushing Drive,Carterville,IL,Corporate,No,32,26,,,VILLA,VILLA,LOW
24613,Reflections Memory Care - Morton,Villas of Hollybrook,1717 North Main,Morton,IL,Corporate,No,32,26,,,VILLA,VILLA,LOW
24614,Reflections Memory Care - Savoy,Villas of Hollybrook,62 E Airport Road,Savoy,IL,Corporate,No,32,26,,,VILLA,VILLA,LOW
24615,Reflections Memory Care - Washington,Villas of Hollybrook,1280 Independence Court,Washington,IL,Corporate,No,32,26,,,VILLA,VILLA,LOW
24692,Riverside Cottages at The Shores,Riverside Cottages At the Shores,471 Shores Boulevard,Saint Augustine,FL,Independent,No,48,38,,COTTAGE,COTTAGE,COTTAGE,MEDIUM
24727,Rose Cottage,Presbyterian Villages of Michigan,32111 Cherry Hill Road,Westland,MI,Corporate,No,20,16,,COTTAGE,,COTTAGE,MEDIUM
24755,Royal Palm Senior Residence,"Walt Noble, Inc.",5121 Ne 19th Avenue,Fort Lauderdale,FL,Independent,No,34,27,,SENIOR_RESIDENCE,,SENIOR_RESIDENCE,MEDIUM
24817,Savannah Cottage Of Lakeland,Senior Living Management Corporation,605 Carpenters Way,Lakeland,FL,Corporate,No,38,30,,COTTAGE,,COTTAGE,MEDIUM
24819,Savannah Court and Cottage of Oviedo,Senior Living Management Corporation,445 Alexandria Blvd,Oviedo,FL,Corporate,No,98,78,,COTTAGE,,COTTAGE,MEDIUM
24840,Seasons Gardens by RSR,RSR Senior Residences LLC,17250 SW 137th Ave,Miami,FL,Corporate,No,90,72,,,SENIOR_RESIDENCE,SENIOR_RESIDENCE,LOW
24888,Serenity Villa,Tracy Erma,1650 American Eagle Dr,Slinger,WI,Independent,No,103,82,,VILLA,,VILLA,MEDIUM
24889,Serenity Villa,Fairview Haven,1 Fairview Dr,Fairbury,IL,Independent,No,20,16,,VILLA,,VILLA,MEDIUM
24890,Serenity Villa Assisted Living,Serenity Villa Assisted Living,1707 American Eagle Dr,Slinger,WI,Corporate,No,26,21,,VILLA,VILLA,VILLA,MEDIUM
24891,Serenity Villa Assisted Living Iv,Serenity Villa Assisted Living,1727 American Eagle Dr,Slinger,WI,Corporate,No,26,21,,VILLA,VILLA,VILLA,MEDIUM
24892,Serenity Villa II,Serenity Villa Assisted Living,1600 American Eagle Dr,Slinger,WI,Corporate,No,26,21,,VILLA,VILLA,VILLA,MEDIUM
24893,Serenity Villa V,Serenity Villa Assisted Living,280 N Baumann St,Campbellsport,WI,Corporate,No,22,18,,VILLA,VILLA,VILLA,MEDIUM
24906,Shelbina Villa Lifecare,Shelbina Villa Lifecare,218 East Shelbina Ave,Shelbina,MO,Independent,No,68,54,,VILLA,VILLA,VILLA,MEDIUM
25066,St Joseph’s Villa & St Joseph's Home For The Aged,Carmelite Sisters of the Divine Heart of Jesus,9244 29th Ave,Kenosha,WI,Corporate,No,50,40,,VILLA,,VILLA,MEDIUM
25069,St Paul Villa,St. Paul Elder Services,312 E 14th St,Kaukauna,WI,Independent,No,89,71,,VILLA,,VILLA,MEDIUM
25189,Sumter County Retirement Vill,"The Villas at Bellevue, LLC",2124 Highway 280 West,Plains,GA,Independent,No,60,48,,,VILLA,VILLA,LOW
25245,Sunshine Villa,unknown,2520 James St,Scott City,MO,Corporate,No,26,21,,VILLA,,VILLA,MEDIUM
25329,The Birches At Villa Rica,"Beacon Communities, Inc.",201 Permian Way,Villa Rica,GA,Corporate,No,64,51,,VILLA,,VILLA,MEDIUM
25387,The Cottage,Northern Oaks Senior Living,1639 Cottage Dr N,Fergus Falls,MN,Corporate,No,41,33,,COTTAGE,,COTTAGE,MEDIUM
25388,The Cottage Of Davison,The Cottage of Davison,1515 Cal Drive,Davison,MI,Independent,No,20,16,,COTTAGE,COTTAGE,COTTAGE,MEDIUM
25389,The Cottages at Fox Lake,CHARTER SENIOR LIVING,16 Lilac Ave,Fox Lake,IL,Corporate,No,60,48,,COTTAGE,,COTTAGE,MEDIUM
25390,The Cottages at Palm Beach,Trifecta,4760 S Jog Rd,Greenacres,FL,Independent,No,84,67,,COTTAGE,,COTTAGE,MEDIUM
25391,The Cottages of New Lenox,CHARTER SENIOR LIVING,1023 South Cedar Road,New Lenox,IL,Corporate,No,80,64,,COTTAGE,,COTTAGE,MEDIUM
25392,The Cottages Of Perry Hall 9902,unknown,9902 Walther Boulevard,Baltimore,MD,Corporate,No,16,13,,COTTAGE,,COTTAGE,MEDIUM
25393,The Cottages Of Perry Hall 9904,unknown,9904 Walther Boulevard,Baltimore,MD,Corporate,No,16,13,,COTTAGE,,COTTAGE,MEDIUM
25394,The Cottages Of Perry Hall 9906,CHARTER SENIOR LIVING,9906 Walther Boulevard,Baltimore,MD,Corporate,No,16,13,,COTTAGE,,COTTAGE,MEDIUM
25628,The Residences at Miami,RSR Senior Residences LLC,9355 SW 158th Avenue,Miami,FL,Corporate,No,121,97,,,SENIOR_RESIDENCE,SENIOR_RESIDENCE,LOW
25675,The Villas at Canterfield,Canterfield Senior Living,815 Atlanta Rd,Cumming,GA,Corporate,No,91,73,,VILLA,,VILLA,MEDIUM
25676,The Villas at St James,Meridian Senior Living,14335 Jamestown Rd,Breese,IL,Corporate,No,65,52,,VILLA,,VILLA,MEDIUM
25677,The Villas at Sunset Bay,"Elegance Living, LLC",7423 Kauai Loop,New Port Richey,FL,Corporate,No,52,42,,VILLA,,VILLA,MEDIUM
25678,The Villas of Holly Brook - Sarasota,Villas of Hollybrook,7610 Prospect Road,Sarasota,FL,Corporate,No,62,50,,VILLA,VILLA,VILLA,MEDIUM
25679,The Villas of Holly Brook and Reflections - Belleville,Villas of Hollybrook,4350 Frank Scott Parkway,Belleville,IL,Corporate,No,103,82,,VILLA,VILLA,VILLA,MEDIUM
25680,The Villas of Holly Brook and Reflections - Bethalto,Villas of Hollybrook,312 Mechanical Drive,East Alton,IL,Corporate,No,74,59,,VILLA,VILLA,VILLA,MEDIUM
25681,The Villas of Holly Brook and Reflections - Bradenton (14th St.),Villas of Hollybrook,3503 14th St W,Bradenton,FL,Corporate,No,52,42,,VILLA,VILLA,VILLA,MEDIUM
25682,The Villas of Holly Brook and Reflections - Bradenton II (59th St.),Villas of Hollybrook,1300 59th Street West,Bradenton,FL,Corporate,No,106,85,,VILLA,VILLA,VILLA,MEDIUM
25683,The Villas of Holly Brook and Reflections - Collinsville,Villas of Hollybrook,121 South Bluff Road,Collinsville,IL,Corporate,No,84,67,,VILLA,VILLA,VILLA,MEDIUM
25684,The Villas of Holly Brook and Reflections - Jerseyville,Villas of Hollybrook,1318 State Highway 109,Jerseyville,IL,Corporate,No,74,59,,VILLA,VILLA,VILLA,MEDIUM
25785,Tropical Garden Villas (north),unknown,420 Crescent Cir,Lake Park,FL,Corporate,No,16,13,,VILLA,,VILLA,MEDIUM
25804,Tuscany Villa of Naples,AlerisLife Inc.,8901 Tamiami Trl E,Naples,FL,Corporate,No,134,107,,VILLA,,VILLA,MEDIUM
25809,Twin Town Villa,"Welcome Home Management, Inc.",615 Durum Drive,Breckenridge,MN,Corporate,No,90,72,,VILLA,,VILLA,MEDIUM
25885,Villa (the),unknown,1600 S 18th St,Manitowoc,WI,Corporate,No,35,28,,VILLA,,VILLA,MEDIUM
25886,Villa At Terracina Grand,THE GOODMAN GROUP,6855 Davis Blvd,Naples,FL,Corporate,No,60,48,,VILLA,,VILLA,MEDIUM
25887,Villa Court LLC,unknown,1220 Villa Court Drive,Cromwell,MN,Corporate,No,56,45,,VILLA,,VILLA,MEDIUM
25888,Villa East Group Home,unknown,"3000 Porter Street, Sw",Grandville,MI,Corporate,No,16,13,,VILLA,,VILLA,MEDIUM
25889,Villa Hope,Villa Hope Inc.,613 N Division St,Appleton,WI,Independent,No,15,12,,VILLA,VILLA,VILLA,MEDIUM
25890,Villa Of Greenfield,Tim Glowinski,8765 W Forest Home Ave,Milwaukee,WI,Independent,No,31,25,,VILLA,,VILLA,MEDIUM
25891,Villa Palazzo,PHOENIX SENIOR LIVING,1260 Hightower Trl,Atlanta,GA,Corporate,No,148,118,,VILLA,,VILLA,MEDIUM
25892,Villa Phoenix,unknown,418 N Lawe St,Appleton,WI,Corporate,No,17,14,,VILLA,,VILLA,MEDIUM
25893,Villa Rio Vista,Eugenia Georgia,1115 SE 6th Ter,Ft Lauderdale,FL,Independent,No,35,28,,VILLA,,VILLA,MEDIUM
25894,Villa Rosa Assisted Living,SSM HEALTH,N8120 Cty Rd Ww,Mt Calvary,WI,Corporate,No,20,16,,VILLA,,VILLA,MEDIUM
25895,"Villa Rosa III, Inc",unknown,75 East 7 Street,Hialeah,FL,Corporate,No,48,38,,VILLA,,VILLA,MEDIUM
25896,Villa St Benedict,Benedictine Health System & Benedictine Sisters of Saint Scholastica,1920 Maple Ave,Lisle,IL,Independent,No,65,52,,VILLA,,VILLA,MEDIUM
25897,Villa St Francis,Felician Sisters,1910 W Ohio Ave,Milwaukee,WI,Independent,No,116,93,,VILLA,,VILLA,MEDIUM
25916,Villas At Bushnell,unknown,1201 Ncole St,Bushnell,IL,Corporate,No,38,30,,VILLA,,VILLA,MEDIUM
25917,Villas At Galva,PETERSEN HEALTH CARE,1000 Courtyard Estates,Galva,IL,Corporate,No,32,26,,VILLA,,VILLA,MEDIUM
25918,Villas At Herscher,PETERSEN HEALTH CARE,100 Harvest View Lane,Herscher,IL,Corporate,No,42,34,,VILLA,,VILLA,MEDIUM
25919,Villas At Kewanee,PETERSEN HEALTH CARE,860 Sunset Dr,Kewanee,IL,Corporate,No,39,31,,VILLA,,VILLA,MEDIUM
25920,"Villas Of Casa Celeste, The",Rosza Morabito,9225 82nd Ave,Seminole,FL,Independent,No,100,80,,VILLA,,VILLA,MEDIUM
25921,Villas Of Holly Brook & Reflections Pekin,Villas of Hollybrook,2720 S 14th Street,Pekin,IL,Corporate,No,86,69,,VILLA,VILLA,VILLA,MEDIUM
25922,Villas Of Holly Brook Bellevue,Villas of Hollybrook,5301 West Dirksen Parkway,Peoria,IL,Corporate,No,103,82,,VILLA,VILLA,VILLA,MEDIUM
25923,Villas Of Holly Brook Bloomington Fox Creek,Villas of Hollybrook,2016 Fox Creek Rd,Bloomington,IL,Corporate,No,71,57,,VILLA,VILLA,VILLA,MEDIUM
25924,Villas Of Holly Brook Charleston,Villas of Hollybrook,738 18th Street,Charleston,IL,Corporate,No,71,57,,VILLA,VILLA,VILLA,MEDIUM
25925,Villas Of Holly Brook Chatham,Meridian Senior Living,825 East Walnut Street,Chatham,IL,Corporate,No,50,40,,VILLA,,VILLA,MEDIUM
25926,Villas Of Holly Brook Danville,unknown,2215 North Bowman Ave,Danville,IL,Corporate,No,74,59,,VILLA,,VILLA,MEDIUM
25927,Villas Of Holly Brook East Peoria,Villas of Hollybrook,1000 Centennial Drive,East Peoria,IL,Corporate,No,74,59,,VILLA,VILLA,VILLA,MEDIUM
25928,Villas Of Holly Brook Effingham,Meridian Senior Living,904 West Evergreen,Effingham,IL,Corporate,No,44,35,,VILLA,,VILLA,MEDIUM
25929,Villas Of Holly Brook Gibson City,Villas of Hollybrook,1400 N. Melvin Street,Gibson City,IL,Corporate,No,50,40,,VILLA,VILLA,VILLA,MEDIUM
25930,Villas Of Holly Brook Harrisburg,Villas of Hollybrook,220 Ron Crank Drive,Harrisburg,IL,Corporate,No,68,54,,VILLA,VILLA,VILLA,MEDIUM
25931,Villas Of Holly Brook Herrin,Meridian Senior Living,505 Rushing Drive,Carterville,IL,Corporate,No,50,40,,VILLA,,VILLA,MEDIUM
25932,Villas Of Holly Brook Marshall,Meridian Senior Living,17050 North Quality Lime Rd,Marshall,IL,Corporate,No,46,37,,VILLA,,VILLA,MEDIUM
25933,Villas Of Holly Brook Monticello,Villas of Hollybrook,901 Medical Center Dr,Monticello,IL,Corporate,No,50,40,,VILLA,VILLA,VILLA,MEDIUM
25934,Villas Of Holly Brook Morton,Villas of Hollybrook,1709 North Main Street,Morton,IL,Corporate,No,76,61,,VILLA,VILLA,VILLA,MEDIUM
25935,Villas Of Holly Brook Mt. Carmel,Villas of Hollybrook,928 Enterprise Lane,Mount Carmel,IL,Corporate,No,74,59,,VILLA,VILLA,VILLA,MEDIUM
25936,Villas Of Holly Brook Newton,unknown,1101 South Gregory Dr,Newton,IL,Corporate,No,41,33,,VILLA,,VILLA,MEDIUM
25937,Villas Of Holly Brook Rantoul,Villas of Hollybrook,722 Stone Bridge Center Drive,Rantoul,IL,Corporate,No,74,59,,VILLA,VILLA,VILLA,MEDIUM
25938,Villas Of Holly Brook Savoy,Villas of Hollybrook,68 E Airport Road,Savoy,IL,Corporate,No,79,63,,VILLA,VILLA,VILLA,MEDIUM
25939,Villas Of Holly Brook Shelbyville,Meridian Senior Living,2201 W Main Street,Shelbyville,IL,Corporate,No,45,36,,VILLA,,VILLA,MEDIUM
25940,Villas Of Holly Brook Springfield,Villas of Hollybrook,3401 Hedley,Springfield,IL,Corporate,No,96,77,,VILLA,VILLA,VILLA,MEDIUM
25941,Villas Of Holly Brook Streator,Villas of Hollybrook,2002 East Main Street,Streator,IL,Corporate,No,79,63,,VILLA,VILLA,VILLA,MEDIUM
25942,Villas Of Holly Brook Towanda Barnes,Villas of Hollybrook,1815 N. Towanda Barnes Road,Bloomington,IL,Corporate,No,103,82,,VILLA,VILLA,VILLA,MEDIUM
25943,Villas Of Holly Brook Washington,Villas of Hollybrook,1285 Independence Court,Washington,IL,Corporate,No,79,63,,VILLA,VILLA,VILLA,MEDIUM
25944,Villas Of Jackson Llc The,Villas of Jackson,670 Broadridge Drive,Jackson,MO,Independent,No,84,67,,VILLA,VILLA,VILLA,MEDIUM
25945,Villas Of South Park,Villas of Hollybrook,10000 South Main Street,Chatham,IL,Corporate,No,50,40,,VILLA,VILLA,VILLA,MEDIUM
26112,"Wesley Haven Villa, Inc.",Methodist Homes Of Alabama & Northwest Florida,111 East Wright Street,Pensacola,FL,Corporate,No,65,52,,VILLA,,VILLA,MEDIUM
26147,White Pine Senior Living Cottage Grove,White Pine Senior Living,6900 E Point Douglas Rd S,Cottage Grove,MN,Corporate,No,85,68,,COTTAGE,,COTTAGE,MEDIUM
